0,26.88,35.00,8.12,100.00,40.00,0.050,324.69,0.00
1,26.88,35.00,8.12,100.00,40.00,0.050,325.00,0.00
2,26.88,35.00,8.12,100.00,40.00,0.050,325.00,0.00
3,26.89,35.00,8.11,100.00,40.00,0.050,324.38,0.00
4,26.89,35.00,8.11,100.00,40.00,0.050,324.38,0.00
5,26.91,35.00,8.09,100.00,40.00,0.050,323.75,0.00
6,26.91,35.00,8.09,100.00,40.00,0.050,323.75,0.00
7,26.93,35.00,8.07,100.00,40.00,0.050,322.81,0.00
8,26.94,35.00,8.06,100.00,40.00,0.050,322.50,0.00
9,26.95,35.00,8.05,100.00,40.00,0.050,322.19,0.00
10,26.98,35.00,8.02,100.00,40.00,0.050,320.94,0.00
11,26.99,35.00,8.01,100.00,40.00,0.050,320.31,0.00
12,27.01,35.00,7.99,100.00,40.00,0.050,319.69,0.00
13,27.01,35.00,7.99,100.00,40.00,0.050,319.69,0.00
14,27.00,35.00,8.00,100.00,40.00,0.050,320.00,0.00
15,27.05,35.00,7.95,100.00,40.00,0.050,317.81,0.00
16,27.07,35.00,7.93,100.00,40.00,0.050,317.19,0.00
17,27.09,35.00,7.91,100.00,40.00,0.050,316.25,0.00
18,27.10,35.00,7.90,100.00,40.00,0.050,315.94,0.00
19,27.14,35.00,7.86,100.00,40.00,0.050,314.38,0.00
20,27.16,35.00,7.84,100.00,40.00,0.050,313.44,0.00
21,27.21,35.00,7.79,100.00,40.00,0.050,311.56,0.00
22,27.23,35.00,7.77,100.00,40.00,0.050,310.94,0.00
23,27.24,35.00,7.76,100.00,40.00,0.050,310.31,0.00
24,27.25,35.00,7.75,100.00,40.00,0.050,310.00,0.00
25,27.27,35.00,7.73,100.00,40.00,0.050,309.38,0.00
26,27.30,35.00,7.70,100.00,40.00,0.050,308.12,0.00
27,27.34,35.00,7.66,100.00,40.00,0.050,306.56,0.00
28,27.36,35.00,7.64,100.00,40.00,0.050,305.62,0.00
29,27.40,35.00,7.60,100.00,40.00,0.050,304.06,0.00
30,27.40,35.00,7.60,100.00,40.00,0.050,304.06,0.00
31,27.41,35.00,7.59,100.00,40.00,0.050,303.75,0.00
32,27.48,35.00,7.52,100.00,40.00,0.050,300.62,0.00
33,27.52,35.00,7.48,100.00,40.00,0.050,299.38,0.00
34,27.53,35.00,7.47,100.00,40.00,0.050,298.75,0.00
35,27.56,35.00,7.44,100.00,40.00,0.050,297.50,0.00
36,27.59,35.00,7.41,100.00,40.00,0.050,296.25,0.00
37,27.63,35.00,7.37,100.00,40.00,0.050,294.69,0.00
38,27.66,35.00,7.34,100.00,40.00,0.050,293.44,0.00
39,27.68,35.00,7.32,100.00,40.00,0.050,292.81,0.00
40,27.72,35.00,7.28,100.00,40.00,0.050,291.25,0.00
41,27.75,35.00,7.25,100.00,40.00,0.050,290.00,0.00
42,27.80,35.00,7.20,100.00,40.00,0.050,288.12,0.00
43,27.83,35.00,7.17,100.00,40.00,0.050,286.88,0.00
44,27.87,35.00,7.13,100.00,40.00,0.050,285.31,0.00
45,27.88,35.00,7.12,100.00,40.00,0.050,284.69,0.00
46,27.93,35.00,7.07,100.00,40.00,0.050,282.81,0.00
47,27.98,35.00,7.02,100.00,40.00,0.050,280.94,0.00
48,28.01,35.00,6.99,100.00,40.00,0.050,279.69,0.00
49,28.05,35.00,6.95,100.00,40.00,0.050,278.12,0.00
50,28.09,35.00,6.91,100.00,40.00,0.050,276.56,0.00
51,28.10,35.00,6.90,100.00,40.00,0.050,275.94,0.00
52,28.14,35.00,6.86,100.00,40.00,0.050,274.38,0.00
53,28.17,35.00,6.83,100.00,40.00,0.050,273.12,0.00
54,28.22,35.00,6.78,100.00,40.00,0.050,271.25,0.00
55,28.27,35.00,6.73,100.00,40.00,0.050,269.38,0.00
56,28.29,35.00,6.71,100.00,40.00,0.050,268.44,0.00
57,28.34,35.00,6.66,100.00,40.00,0.050,266.56,0.00
58,28.35,35.00,6.65,100.00,40.00,0.050,265.94,0.00
59,28.37,35.00,6.63,100.00,40.00,0.050,265.31,0.00
60,28.40,35.00,6.60,100.00,40.00,0.050,264.06,0.00
61,28.45,35.00,6.55,100.00,40.00,0.050,261.88,0.00
62,28.48,35.00,6.52,100.00,40.00,0.050,260.62,0.00
63,28.50,35.00,6.50,100.00,40.00,0.050,260.00,0.00
64,28.54,35.00,6.46,100.00,40.00,0.050,258.44,0.00
65,28.59,35.00,6.41,100.00,40.00,0.050,256.25,0.00
66,28.64,35.00,6.36,100.00,40.00,0.050,254.38,0.00
67,28.66,35.00,6.34,100.00,40.00,0.050,253.44,0.00
68,28.70,35.00,6.30,100.00,40.00,0.050,251.88,0.00
69,28.72,35.00,6.28,100.00,40.00,0.050,251.25,0.00
70,28.74,35.00,6.26,100.00,40.00,0.050,250.31,0.00
71,28.74,35.00,6.26,100.00,40.00,0.050,250.31,0.00
72,28.83,35.00,6.17,100.00,40.00,0.050,246.88,0.00
73,28.89,35.00,6.11,100.00,40.00,0.050,244.38,0.00
74,28.90,35.00,6.10,100.00,40.00,0.050,244.06,0.00
75,28.96,35.00,6.04,100.00,40.00,0.050,241.56,0.00
76,29.00,35.00,6.00,100.00,40.00,0.050,240.00,0.00
77,29.02,35.00,5.98,100.00,40.00,0.050,239.38,0.00
78,29.04,35.00,5.96,100.00,40.00,0.050,238.44,0.00
79,29.09,35.00,5.91,100.00,40.00,0.050,236.25,0.00
80,29.14,35.00,5.86,100.00,40.00,0.050,234.38,0.00
81,29.07,35.00,5.93,100.00,40.00,0.050,237.19,0.00
82,29.09,35.00,5.91,100.00,40.00,0.050,236.25,0.00
83,29.16,35.00,5.84,100.00,40.00,0.050,233.44,0.00
84,29.23,35.00,5.77,100.00,40.00,0.050,230.94,0.00
85,29.27,35.00,5.73,100.00,40.00,0.050,229.38,0.00
86,29.31,35.00,5.69,100.00,40.00,0.050,227.50,0.00
87,29.38,35.00,5.62,100.00,40.00,0.050,225.00,0.00
88,29.42,35.00,5.58,100.00,40.00,0.050,223.12,0.00
89,29.42,35.00,5.58,100.00,40.00,0.050,223.12,0.00
90,29.48,35.00,5.52,100.00,40.00,0.050,220.94,0.00
91,29.48,35.00,5.52,100.00,40.00,0.050,220.62,0.00
92,29.51,35.00,5.49,100.00,40.00,0.050,219.69,0.00
93,29.54,35.00,5.46,100.00,40.00,0.050,218.44,0.00
94,29.59,35.00,5.41,100.00,40.00,0.050,216.56,0.00
95,29.64,35.00,5.36,100.00,40.00,0.050,214.38,0.00
96,29.70,35.00,5.30,100.00,40.00,0.050,211.88,0.00
97,29.76,35.00,5.24,100.00,40.00,0.050,209.69,0.00
98,29.76,35.00,5.24,100.00,40.00,0.050,209.69,0.00
99,29.80,35.00,5.20,100.00,40.00,0.050,207.81,0.00
100,29.88,35.00,5.12,100.00,40.00,0.050,205.00,0.00
101,29.91,35.00,5.09,100.00,40.00,0.050,203.44,0.00
102,29.92,35.00,5.08,100.00,40.00,0.050,203.12,0.00
103,29.97,35.00,5.03,100.00,40.00,0.050,201.25,0.00
104,30.01,35.00,4.99,100.00,40.00,0.050,199.69,0.00
105,30.06,35.00,4.94,100.00,40.00,0.050,197.50,0.00
106,30.10,35.00,4.90,100.00,40.00,0.050,195.94,0.00
107,30.13,35.00,4.87,100.00,40.00,0.050,194.69,0.00
108,30.17,35.00,4.83,100.00,40.00,0.050,193.12,0.00
109,30.20,35.00,4.80,100.00,40.00,0.050,191.88,0.00
110,30.21,35.00,4.79,100.00,40.00,0.050,191.56,0.00
111,30.24,35.00,4.76,100.00,40.00,0.050,190.31,0.00
112,30.27,35.00,4.73,100.00,40.00,0.050,189.06,0.00
113,30.29,35.00,4.71,100.00,40.00,0.050,188.44,0.00
114,30.34,35.00,4.66,100.00,40.00,0.050,186.25,0.00
115,30.38,35.00,4.62,100.00,40.00,0.050,184.69,0.00
116,30.45,35.00,4.55,100.00,40.00,0.050,182.19,0.00
117,30.45,35.00,4.55,100.00,40.00,0.050,182.19,0.00
118,30.45,35.00,4.55,100.00,40.00,0.050,181.88,0.00
119,30.50,35.00,4.50,100.00,40.00,0.050,180.00,0.00
120,30.53,35.00,4.47,100.00,40.00,0.050,178.75,0.00
121,30.57,35.00,4.43,100.00,40.00,0.050,177.19,0.00
122,30.59,35.00,4.41,100.00,40.00,0.050,176.25,0.00
123,30.62,35.00,4.38,100.00,40.00,0.050,175.00,0.00
124,30.65,35.00,4.35,100.00,40.00,0.050,174.06,0.00
125,30.66,35.00,4.34,100.00,40.00,0.050,173.44,0.00
126,30.70,35.00,4.30,100.00,40.00,0.050,172.19,0.00
127,30.70,35.00,4.30,100.00,40.00,0.050,172.19,0.00
128,30.80,35.00,4.20,100.00,40.00,0.050,168.12,0.00
129,30.83,35.00,4.17,100.00,40.00,0.050,166.88,0.00
130,30.88,35.00,4.12,100.00,40.00,0.050,165.00,0.00
131,30.89,35.00,4.11,100.00,40.00,0.050,164.38,0.00
132,30.91,35.00,4.09,100.00,40.00,0.050,163.44,0.00
133,30.91,35.00,4.09,100.00,40.00,0.050,163.75,0.00
134,30.97,35.00,4.03,100.00,40.00,0.050,161.25,0.00
135,31.00,35.00,4.00,100.00,40.00,0.050,160.00,0.00
136,31.07,35.00,3.93,100.00,40.00,0.050,157.19,0.00
137,31.11,35.00,3.89,100.00,40.00,0.050,155.62,0.00
138,31.15,35.00,3.85,100.00,40.00,0.050,154.06,0.00
139,31.15,35.00,3.85,100.00,40.00,0.050,154.06,0.00
140,31.16,35.00,3.84,100.00,40.00,0.050,153.44,0.00
141,31.14,35.00,3.86,100.00,40.00,0.050,154.38,0.00
142,31.23,35.00,3.77,100.00,40.00,0.050,150.94,0.00
143,31.25,35.00,3.75,100.00,40.00,0.050,150.00,0.00
144,31.28,35.00,3.72,100.00,40.00,0.050,148.75,0.00
145,31.30,35.00,3.70,100.00,40.00,0.050,147.81,0.00
146,31.36,35.00,3.64,100.00,40.00,0.050,145.62,0.00
147,31.43,35.00,3.57,100.00,40.00,0.050,142.81,0.00
148,31.46,35.00,3.54,100.00,40.00,0.050,141.56,0.00
149,31.49,35.00,3.51,100.00,40.00,0.050,140.31,0.00
150,31.52,35.00,3.48,100.00,40.00,0.050,139.06,0.00
151,31.59,35.00,3.41,100.00,40.00,0.050,136.56,0.00
152,31.61,35.00,3.39,100.00,40.00,0.050,135.62,0.00
153,31.65,35.00,3.35,100.00,40.00,0.050,134.06,0.00
154,31.63,35.00,3.37,100.00,40.00,0.050,134.69,0.00
155,31.66,35.00,3.34,100.00,40.00,0.050,133.75,0.00
156,31.67,35.00,3.33,100.00,40.00,0.050,133.12,0.00
157,31.72,35.00,3.28,100.00,40.00,0.050,131.25,0.00
158,31.71,35.00,3.29,100.00,40.00,0.050,131.56,0.00
159,31.78,35.00,3.22,100.00,40.00,0.050,128.75,0.00
160,31.77,35.00,3.23,100.00,40.00,0.050,129.38,0.00
161,31.80,35.00,3.20,100.00,40.00,0.050,128.12,0.00
162,31.88,35.00,3.12,100.00,40.00,0.050,125.00,0.00
163,31.94,35.00,3.06,100.00,40.00,0.050,122.50,0.00
164,31.95,35.00,3.05,100.00,40.00,0.050,122.19,0.00
165,31.99,35.00,3.01,100.00,40.00,0.050,120.31,0.00
166,32.02,35.00,2.98,100.00,40.00,0.050,119.06,0.00
168,32.04,35.00,2.96,100.00,40.00,0.050,118.44,0.00
169,32.05,35.00,2.95,100.00,40.00,0.050,117.81,0.00
170,32.08,35.00,2.92,100.00,40.00,0.050,116.88,0.00
171,32.07,35.00,2.93,100.00,40.00,0.050,117.19,0.00
172,32.12,35.00,2.88,100.00,40.00,0.050,115.00,0.00
173,32.19,35.00,2.81,100.00,40.00,0.050,112.50,0.00
174,32.22,35.00,2.78,100.00,40.00,0.050,111.25,0.00
175,32.23,35.00,2.77,100.00,40.00,0.050,110.94,0.00
176,32.25,35.00,2.75,100.00,40.00,0.050,110.00,0.00
177,32.27,35.00,2.73,100.00,40.00,0.050,109.38,0.00
178,32.32,35.00,2.68,100.00,40.00,0.050,107.19,0.00
179,32.38,35.00,2.62,100.00,40.00,0.050,104.69,0.00
180,32.45,35.00,2.55,100.00,40.00,0.050,101.88,0.00
181,32.48,35.00,2.52,100.00,40.00,0.050,100.94,0.00
182,32.52,35.00,2.48,99.50,40.00,0.050,99.38,0.12
183,32.53,35.00,2.47,99.00,40.00,0.050,98.75,0.25
184,32.56,35.00,2.44,97.87,40.00,0.050,97.50,0.37
185,32.60,35.00,2.40,96.43,40.00,0.050,95.94,0.49
186,32.63,35.00,2.37,95.30,40.00,0.050,94.69,0.61
187,32.66,35.00,2.34,94.16,40.00,0.050,93.44,0.72
188,32.64,35.00,2.36,95.22,40.00,0.050,94.38,0.84
189,32.70,35.00,2.30,92.83,40.00,0.050,91.88,0.96
190,32.73,35.00,2.27,91.70,40.00,0.050,90.62,1.07
191,32.73,35.00,2.27,91.81,40.00,0.050,90.62,1.18
192,32.80,35.00,2.20,89.11,40.00,0.050,87.81,1.29
193,32.81,35.00,2.19,88.90,40.00,0.050,87.50,1.40
194,32.84,35.00,2.16,88.07,40.00,0.050,86.56,1.51
195,32.86,35.00,2.14,87.24,40.00,0.050,85.62,1.62
196,32.85,35.00,2.15,87.66,40.00,0.050,85.94,1.73
197,32.91,35.00,2.09,85.58,40.00,0.050,83.75,1.83
198,32.88,35.00,2.12,86.62,40.00,0.050,84.69,1.94
199,32.91,35.00,2.09,85.48,40.00,0.050,83.44,2.04
200,32.91,35.00,2.09,85.58,40.00,0.050,83.44,2.14
201,33.01,35.00,1.99,81.93,40.00,0.050,79.69,2.24
202,33.06,35.00,1.94,79.84,40.00,0.050,77.50,2.34
203,33.09,35.00,1.91,79.00,40.00,0.050,76.56,2.44
204,33.12,35.00,1.88,77.53,40.00,0.050,75.00,2.53
205,33.16,35.00,1.84,76.37,40.00,0.050,73.75,2.62
206,33.15,35.00,1.85,76.78,40.00,0.050,74.06,2.72
207,33.15,35.00,1.85,76.87,40.00,0.050,74.06,2.81
208,33.19,35.00,1.81,75.40,40.00,0.050,72.50,2.90
209,33.19,35.00,1.81,75.49,40.00,0.050,72.50,2.99
210,33.21,35.00,1.79,74.64,40.00,0.050,71.56,3.08
211,33.27,35.00,1.73,72.23,40.00,0.050,69.06,3.17
212,33.30,35.00,1.70,71.38,40.00,0.050,68.12,3.25
213,33.34,35.00,1.66,69.58,40.00,0.050,66.25,3.33
214,33.35,35.00,1.65,69.35,40.00,0.050,65.94,3.42
215,33.39,35.00,1.61,67.87,40.00,0.050,64.38,3.50
216,33.42,35.00,1.58,66.70,40.00,0.050,63.12,3.58
217,33.48,35.00,1.52,64.59,40.00,0.050,60.94,3.65
218,33.49,35.00,1.51,64.04,40.00,0.050,60.31,3.73
219,33.48,35.00,1.52,64.74,40.00,0.050,60.94,3.80
220,33.52,35.00,1.48,62.94,40.00,0.050,59.06,3.88
221,33.43,35.00,1.57,66.77,40.00,0.050,62.81,3.96
222,33.52,35.00,1.48,63.40,40.00,0.050,59.38,4.03
223,33.55,35.00,1.45,61.91,40.00,0.050,57.81,4.10
224,33.60,35.00,1.40,60.11,40.00,0.050,55.94,4.17
225,33.59,35.00,1.41,60.80,40.00,0.050,56.56,4.24
226,33.55,35.00,1.45,62.44,40.00,0.050,58.12,4.31
227,33.60,35.00,1.40,60.32,40.00,0.050,55.94,4.38
228,33.60,35.00,1.40,60.39,40.00,0.050,55.94,4.45
229,33.62,35.00,1.38,59.52,40.00,0.050,55.00,4.52
230,33.68,35.00,1.32,57.40,40.00,0.050,52.81,4.59
231,33.65,35.00,1.35,58.72,40.00,0.050,54.06,4.66
232,33.66,35.00,1.34,58.16,40.00,0.050,53.44,4.72
233,33.70,35.00,1.30,56.66,40.00,0.050,51.88,4.79
234,33.78,35.00,1.22,53.60,40.00,0.050,48.75,4.85
235,33.73,35.00,1.27,55.54,40.00,0.050,50.62,4.91
236,33.76,35.00,1.24,54.66,40.00,0.050,49.69,4.97
237,33.80,35.00,1.20,53.16,40.00,0.050,48.12,5.04
238,33.80,35.00,1.20,53.22,40.00,0.050,48.12,5.10
239,33.81,35.00,1.19,52.65,40.00,0.050,47.50,5.15
240,33.75,35.00,1.25,55.22,40.00,0.050,50.00,5.22
241,33.80,35.00,1.20,53.09,40.00,0.050,47.81,5.28
242,33.87,35.00,1.13,50.65,40.00,0.050,45.31,5.33
243,33.87,35.00,1.13,50.70,40.00,0.050,45.31,5.39
244,33.86,35.00,1.14,51.07,40.00,0.050,45.62,5.45
245,33.84,35.00,1.16,51.76,40.00,0.050,46.25,5.51
246,33.86,35.00,1.14,51.19,40.00,0.050,45.62,5.56
247,33.91,35.00,1.09,49.37,40.00,0.050,43.75,5.62
248,33.90,35.00,1.10,49.73,40.00,0.050,44.06,5.67
249,33.96,35.00,1.04,47.29,40.00,0.050,41.56,5.72
250,33.96,35.00,1.04,47.34,40.00,0.050,41.56,5.78
251,33.94,35.00,1.06,48.33,40.00,0.050,42.50,5.83
252,34.01,35.00,0.99,45.57,40.00,0.050,39.69,5.88
253,33.96,35.00,1.04,47.49,40.00,0.050,41.56,5.93
254,33.98,35.00,1.02,46.92,40.00,0.050,40.94,5.98
255,33.94,35.00,1.06,48.53,40.00,0.050,42.50,6.03
256,33.98,35.00,1.02,47.02,40.00,0.050,40.94,6.09
257,33.97,35.00,1.03,47.39,40.00,0.050,41.25,6.14
258,33.98,35.00,1.02,46.81,40.00,0.050,40.62,6.19
259,33.98,35.00,1.02,46.86,40.00,0.050,40.62,6.24
260,34.00,35.00,1.00,46.29,40.00,0.050,40.00,6.29
261,34.02,35.00,0.98,45.40,40.00,0.050,39.06,6.34
262,34.05,35.00,0.95,44.51,40.00,0.050,38.12,6.39
263,34.06,35.00,0.94,43.93,40.00,0.050,37.50,6.43
264,34.04,35.00,0.96,44.92,40.00,0.050,38.44,6.48
265,34.05,35.00,0.95,44.34,40.00,0.050,37.81,6.53
266,34.05,35.00,0.95,44.70,40.00,0.050,38.12,6.58
267,34.02,35.00,0.98,45.69,40.00,0.050,39.06,6.62
268,34.05,35.00,0.95,44.80,40.00,0.050,38.12,6.67
269,34.01,35.00,0.99,46.41,40.00,0.050,39.69,6.72
270,34.02,35.00,0.98,45.83,40.00,0.050,39.06,6.77
271,34.05,35.00,0.95,44.94,40.00,0.050,38.12,6.82
272,34.06,35.00,0.94,44.36,40.00,0.050,37.50,6.86
273,34.03,35.00,0.97,45.66,40.00,0.050,38.75,6.91
274,33.97,35.00,1.03,48.21,40.00,0.050,41.25,6.96
275,33.91,35.00,1.09,50.46,40.00,0.050,43.44,7.02
276,33.98,35.00,1.02,47.69,40.00,0.050,40.62,7.07
277,33.97,35.00,1.03,48.37,40.00,0.050,41.25,7.12
278,33.97,35.00,1.03,48.42,40.00,0.050,41.25,7.17
279,33.94,35.00,1.06,49.73,40.00,0.050,42.50,7.23
280,33.95,35.00,1.05,49.15,40.00,0.050,41.88,7.28
281,33.98,35.00,1.02,47.95,40.00,0.050,40.62,7.33
282,34.01,35.00,0.99,47.07,40.00,0.050,39.69,7.38
283,33.98,35.00,1.02,48.37,40.00,0.050,40.94,7.43
284,33.97,35.00,1.03,48.73,40.00,0.050,41.25,7.48
285,33.92,35.00,1.08,50.66,40.00,0.050,43.12,7.54
286,33.95,35.00,1.05,49.46,40.00,0.050,41.88,7.59
287,33.92,35.00,1.08,50.77,40.00,0.050,43.12,7.64
288,33.92,35.00,1.08,50.82,40.00,0.050,43.12,7.70
289,34.00,35.00,1.00,47.75,40.00,0.050,40.00,7.75
290,34.01,35.00,0.99,47.48,40.00,0.050,39.69,7.80
291,34.03,35.00,0.97,46.59,40.00,0.050,38.75,7.84
292,33.98,35.00,1.02,48.52,40.00,0.050,40.62,7.89
293,33.98,35.00,1.02,48.57,40.00,0.050,40.62,7.95
294,34.01,35.00,0.99,47.68,40.00,0.050,39.69,7.99
295,34.02,35.00,0.98,47.11,40.00,0.050,39.06,8.04
296,34.05,35.00,0.95,46.22,40.00,0.050,38.12,8.09
297,34.04,35.00,0.96,46.58,40.00,0.050,38.44,8.14
298,33.98,35.00,1.02,48.82,40.00,0.050,40.62,8.19
299,33.98,35.00,1.02,48.87,40.00,0.050,40.62,8.24
300,34.00,35.00,1.00,48.29,40.00,0.050,40.00,8.29
301,34.03,35.00,0.97,47.09,40.00,0.050,38.75,8.34
302,34.01,35.00,0.99,48.08,40.00,0.050,39.69,8.39
303,34.02,35.00,0.98,47.50,40.00,0.050,39.06,8.44
304,34.05,35.00,0.95,46.61,40.00,0.050,38.12,8.49
305,34.05,35.00,0.95,46.66,40.00,0.050,38.12,8.53
306,34.03,35.00,0.97,47.33,40.00,0.050,38.75,8.58
307,34.05,35.00,0.95,46.44,40.00,0.050,37.81,8.63
308,34.00,35.00,1.00,48.68,40.00,0.050,40.00,8.68
309,33.97,35.00,1.03,49.98,40.00,0.050,41.25,8.73
310,34.00,35.00,1.00,48.78,40.00,0.050,40.00,8.78
311,34.02,35.00,0.98,48.20,40.00,0.050,39.38,8.83
312,34.02,35.00,0.98,47.94,40.00,0.050,39.06,8.88
313,34.01,35.00,0.99,48.62,40.00,0.050,39.69,8.93
314,34.04,35.00,0.96,47.41,40.00,0.050,38.44,8.98
315,34.04,35.00,0.96,47.46,40.00,0.050,38.44,9.02
316,34.03,35.00,0.97,47.82,40.00,0.050,38.75,9.07
317,34.08,35.00,0.92,45.99,40.00,0.050,36.88,9.12
318,34.07,35.00,0.93,46.35,40.00,0.050,37.19,9.17
319,34.08,35.00,0.92,46.09,40.00,0.050,36.88,9.21
320,34.09,35.00,0.91,45.82,40.00,0.050,36.56,9.26
321,34.02,35.00,0.98,48.68,40.00,0.050,39.38,9.31
322,34.08,35.00,0.92,46.23,40.00,0.050,36.88,9.35
323,34.05,35.00,0.95,47.21,40.00,0.050,37.81,9.40
324,33.93,35.00,1.07,52.27,40.00,0.050,42.81,9.45
325,33.97,35.00,1.03,50.75,40.00,0.050,41.25,9.50
326,33.98,35.00,1.02,50.49,40.00,0.050,40.94,9.56
327,34.01,35.00,0.99,49.29,40.00,0.050,39.69,9.61
328,34.02,35.00,0.98,48.72,40.00,0.050,39.06,9.65
329,34.05,35.00,0.95,47.83,40.00,0.050,38.12,9.70
330,34.05,35.00,0.95,47.56,40.00,0.050,37.81,9.75
331,34.02,35.00,0.98,48.86,40.00,0.050,39.06,9.80
332,34.03,35.00,0.97,48.60,40.00,0.050,38.75,9.85
333,34.03,35.00,0.97,48.64,40.00,0.050,38.75,9.89
334,34.09,35.00,0.91,46.50,40.00,0.050,36.56,9.94
336,34.05,35.00,0.95,48.11,40.00,0.050,38.12,9.99
337,34.07,35.00,0.93,47.22,40.00,0.050,37.19,10.03
338,34.12,35.00,0.88,45.08,40.00,0.050,35.00,10.08
339,34.13,35.00,0.87,44.81,40.00,0.050,34.69,10.12
340,34.08,35.00,0.92,47.04,40.00,0.050,36.88,10.17
341,34.08,35.00,0.92,47.09,40.00,0.050,36.88,10.21
342,34.10,35.00,0.90,46.20,40.00,0.050,35.94,10.26
343,34.10,35.00,0.90,46.24,40.00,0.050,35.94,10.30
344,34.13,35.00,0.87,45.03,40.00,0.050,34.69,10.35
345,34.13,35.00,0.87,45.08,40.00,0.050,34.69,10.39
346,34.13,35.00,0.87,45.12,40.00,0.050,34.69,10.43
347,34.12,35.00,0.88,45.48,40.00,0.050,35.00,10.48
348,34.16,35.00,0.84,44.27,40.00,0.050,33.75,10.52
349,34.14,35.00,0.86,44.94,40.00,0.050,34.38,10.56
350,34.10,35.00,0.90,46.55,40.00,0.050,35.94,10.61
351,34.09,35.00,0.91,47.22,40.00,0.050,36.56,10.65
352,34.09,35.00,0.91,47.26,40.00,0.050,36.56,10.70
353,34.08,35.00,0.92,47.62,40.00,0.050,36.88,10.75
354,33.99,35.00,1.01,51.11,40.00,0.050,40.31,10.80
355,33.96,35.00,1.04,52.41,40.00,0.050,41.56,10.85
356,33.94,35.00,1.06,53.40,40.00,0.050,42.50,10.90
357,33.97,35.00,1.03,52.20,40.00,0.050,41.25,10.95
358,33.95,35.00,1.05,53.19,40.00,0.050,42.19,11.01
359,34.04,35.00,0.96,49.49,40.00,0.050,38.44,11.05
360,34.05,35.00,0.95,49.23,40.00,0.050,38.12,11.10
361,34.02,35.00,0.98,50.53,40.00,0.050,39.38,11.15
362,34.02,35.00,0.98,50.26,40.00,0.050,39.06,11.20
363,34.02,35.00,0.98,50.31,40.00,0.050,39.06,11.25
364,34.02,35.00,0.98,50.67,40.00,0.050,39.38,11.30
365,34.00,35.00,1.00,51.35,40.00,0.050,40.00,11.35
366,34.06,35.00,0.94,48.89,40.00,0.050,37.50,11.39
367,33.99,35.00,1.01,51.76,40.00,0.050,40.31,11.44
368,34.00,35.00,1.00,51.49,40.00,0.050,40.00,11.49
369,33.98,35.00,1.02,52.17,40.00,0.050,40.62,11.54
370,34.01,35.00,0.99,51.28,40.00,0.050,39.69,11.59
371,34.00,35.00,1.00,51.64,40.00,0.050,40.00,11.64
372,34.00,35.00,1.00,51.69,40.00,0.050,40.00,11.69
373,34.00,35.00,1.00,51.74,40.00,0.050,40.00,11.74
374,34.01,35.00,0.99,51.48,40.00,0.050,39.69,11.79
375,33.98,35.00,1.02,52.47,40.00,0.050,40.62,11.84
376,33.98,35.00,1.02,52.52,40.00,0.050,40.62,11.90
377,33.92,35.00,1.08,55.07,40.00,0.050,43.12,11.95
378,33.93,35.00,1.07,54.82,40.00,0.050,42.81,12.00
379,33.96,35.00,1.04,53.62,40.00,0.050,41.56,12.06
380,33.95,35.00,1.05,53.98,40.00,0.050,41.88,12.11
381,33.94,35.00,1.06,54.66,40.00,0.050,42.50,12.16
382,33.95,35.00,1.05,54.40,40.00,0.050,42.19,12.21
383,33.99,35.00,1.01,52.58,40.00,0.050,40.31,12.26
384,34.00,35.00,1.00,52.31,40.00,0.050,40.00,12.31
385,33.98,35.00,1.02,52.99,40.00,0.050,40.62,12.36
386,34.01,35.00,0.99,52.10,40.00,0.050,39.69,12.41
387,33.99,35.00,1.01,52.78,40.00,0.050,40.31,12.46
388,33.94,35.00,1.06,55.02,40.00,0.050,42.50,12.52
389,34.01,35.00,0.99,52.25,40.00,0.050,39.69,12.57
390,34.02,35.00,0.98,51.99,40.00,0.050,39.38,12.62
391,34.00,35.00,1.00,52.67,40.00,0.050,40.00,12.67
392,34.02,35.00,0.98,52.09,40.00,0.050,39.38,12.72
393,33.95,35.00,1.05,54.64,40.00,0.050,41.88,12.77
394,33.98,35.00,1.02,53.44,40.00,0.050,40.62,12.82
395,33.95,35.00,1.05,54.75,40.00,0.050,41.88,12.87
396,33.97,35.00,1.03,54.17,40.00,0.050,41.25,12.92
397,33.95,35.00,1.05,54.85,40.00,0.050,41.88,12.98
398,33.98,35.00,1.02,53.65,40.00,0.050,40.62,13.03
399,33.98,35.00,1.02,53.70,40.00,0.050,40.62,13.08
400,33.92,35.00,1.08,56.26,40.00,0.050,43.12,13.13
401,33.89,35.00,1.11,57.56,40.00,0.050,44.38,13.19
402,33.93,35.00,1.07,56.05,40.00,0.050,42.81,13.24
403,33.95,35.00,1.05,55.48,40.00,0.050,42.19,13.29
404,33.96,35.00,1.04,54.91,40.00,0.050,41.56,13.34
405,33.98,35.00,1.02,54.33,40.00,0.050,40.94,13.40
406,33.97,35.00,1.03,54.70,40.00,0.050,41.25,13.45
407,34.00,35.00,1.00,53.50,40.00,0.050,40.00,13.50
408,34.02,35.00,0.98,52.61,40.00,0.050,39.06,13.55
409,34.03,35.00,0.97,52.34,40.00,0.050,38.75,13.59
410,34.02,35.00,0.98,52.71,40.00,0.050,39.06,13.64
411,33.98,35.00,1.02,54.32,40.00,0.050,40.62,13.69
412,33.99,35.00,1.01,54.06,40.00,0.050,40.31,13.74
413,34.00,35.00,1.00,53.79,40.00,0.050,40.00,13.79
414,34.03,35.00,0.97,52.59,40.00,0.050,38.75,13.84
415,34.01,35.00,0.99,53.58,40.00,0.050,39.69,13.89
416,34.00,35.00,1.00,53.94,40.00,0.050,40.00,13.94
417,34.04,35.00,0.96,52.43,40.00,0.050,38.44,13.99
418,34.02,35.00,0.98,53.10,40.00,0.050,39.06,14.04
419,33.99,35.00,1.01,54.40,40.00,0.050,40.31,14.09
420,33.93,35.00,1.07,56.96,40.00,0.050,42.81,14.14
421,33.96,35.00,1.04,55.76,40.00,0.050,41.56,14.19
422,33.95,35.00,1.05,56.12,40.00,0.050,41.88,14.25
423,33.99,35.00,1.01,54.61,40.00,0.050,40.31,14.30
424,33.98,35.00,1.02,55.29,40.00,0.050,40.94,14.35
425,33.95,35.00,1.05,56.28,40.00,0.050,41.88,14.40
426,33.88,35.00,1.12,59.46,40.00,0.050,45.00,14.46
427,33.96,35.00,1.04,56.07,40.00,0.050,41.56,14.51
428,33.87,35.00,1.13,59.88,40.00,0.050,45.31,14.57
429,33.91,35.00,1.09,58.37,40.00,0.050,43.75,14.62
430,33.92,35.00,1.08,57.80,40.00,0.050,43.12,14.67
431,33.94,35.00,1.06,57.23,40.00,0.050,42.50,14.73
432,33.94,35.00,1.06,57.28,40.00,0.050,42.50,14.78
433,33.97,35.00,1.03,56.08,40.00,0.050,41.25,14.83
434,33.97,35.00,1.03,56.13,40.00,0.050,41.25,14.88
435,33.98,35.00,1.02,55.87,40.00,0.050,40.94,14.94
436,33.96,35.00,1.04,56.55,40.00,0.050,41.56,14.99
437,33.99,35.00,1.01,55.35,40.00,0.050,40.31,15.04
438,33.97,35.00,1.03,56.34,40.00,0.050,41.25,15.09
439,33.96,35.00,1.04,56.70,40.00,0.050,41.56,15.14
440,33.94,35.00,1.06,57.69,40.00,0.050,42.50,15.19
441,33.92,35.00,1.08,58.37,40.00,0.050,43.12,15.25
442,33.91,35.00,1.09,58.74,40.00,0.050,43.44,15.30
443,33.97,35.00,1.03,56.60,40.00,0.050,41.25,15.35
444,33.94,35.00,1.06,57.91,40.00,0.050,42.50,15.41
445,33.92,35.00,1.08,58.59,40.00,0.050,43.12,15.46
446,33.90,35.00,1.10,59.58,40.00,0.050,44.06,15.52
447,33.94,35.00,1.06,58.07,40.00,0.050,42.50,15.57
448,33.97,35.00,1.03,56.87,40.00,0.050,41.25,15.62
449,33.95,35.00,1.05,57.86,40.00,0.050,42.19,15.67
450,33.94,35.00,1.06,58.23,40.00,0.050,42.50,15.73
451,33.96,35.00,1.04,57.34,40.00,0.050,41.56,15.78
452,33.90,35.00,1.10,59.90,40.00,0.050,44.06,15.83
453,33.92,35.00,1.08,59.01,40.00,0.050,43.12,15.89
454,33.95,35.00,1.05,57.81,40.00,0.050,41.88,15.94
455,33.96,35.00,1.04,57.55,40.00,0.050,41.56,15.99
456,33.97,35.00,1.03,57.29,40.00,0.050,41.25,16.04
457,33.98,35.00,1.02,56.72,40.00,0.050,40.62,16.09
458,33.93,35.00,1.07,58.96,40.00,0.050,42.81,16.15
459,33.90,35.00,1.10,60.27,40.00,0.050,44.06,16.20
460,33.96,35.00,1.04,57.82,40.00,0.050,41.56,16.25
461,33.95,35.00,1.05,58.18,40.00,0.050,41.88,16.31
462,33.95,35.00,1.05,58.55,40.00,0.050,42.19,16.36
463,33.97,35.00,1.03,57.66,40.00,0.050,41.25,16.41
464,33.92,35.00,1.08,59.59,40.00,0.050,43.12,16.47
465,33.95,35.00,1.05,58.39,40.00,0.050,41.88,16.52
466,33.94,35.00,1.06,59.07,40.00,0.050,42.50,16.57
467,33.95,35.00,1.05,58.81,40.00,0.050,42.19,16.62
468,33.90,35.00,1.10,60.74,40.00,0.050,44.06,16.68
469,33.93,35.00,1.07,59.54,40.00,0.050,42.81,16.73
470,33.94,35.00,1.06,59.29,40.00,0.050,42.50,16.79
471,33.95,35.00,1.05,58.71,40.00,0.050,41.88,16.84
472,33.97,35.00,1.03,58.14,40.00,0.050,41.25,16.89
473,33.98,35.00,1.02,57.88,40.00,0.050,40.94,16.94
474,33.98,35.00,1.02,57.93,40.00,0.050,40.94,16.99
475,33.99,35.00,1.01,57.35,40.00,0.050,40.31,17.04
476,33.93,35.00,1.07,59.91,40.00,0.050,42.81,17.10
477,34.02,35.00,0.98,56.21,40.00,0.050,39.06,17.14
478,34.00,35.00,1.00,57.19,40.00,0.050,40.00,17.19
479,34.02,35.00,0.98,56.62,40.00,0.050,39.38,17.24
480,34.02,35.00,0.98,56.35,40.00,0.050,39.06,17.29
481,34.02,35.00,0.98,56.72,40.00,0.050,39.38,17.34
482,34.02,35.00,0.98,56.77,40.00,0.050,39.38,17.39
483,34.01,35.00,0.99,57.13,40.00,0.050,39.69,17.44
484,33.91,35.00,1.09,61.24,40.00,0.050,43.75,17.49
485,33.97,35.00,1.03,58.80,40.00,0.050,41.25,17.55
486,33.98,35.00,1.02,58.22,40.00,0.050,40.62,17.60
487,34.00,35.00,1.00,57.65,40.00,0.050,40.00,17.65
488,33.88,35.00,1.12,62.70,40.00,0.050,45.00,17.70
489,33.91,35.00,1.09,61.51,40.00,0.050,43.75,17.76
490,33.98,35.00,1.02,58.75,40.00,0.050,40.94,17.81
491,34.00,35.00,1.00,57.86,40.00,0.050,40.00,17.86
492,34.01,35.00,0.99,57.60,40.00,0.050,39.69,17.91
493,34.02,35.00,0.98,57.33,40.00,0.050,39.38,17.96
494,34.01,35.00,0.99,57.70,40.00,0.050,39.69,18.01
495,34.03,35.00,0.97,56.81,40.00,0.050,38.75,18.06
496,34.03,35.00,0.97,56.85,40.00,0.050,38.75,18.10
497,34.05,35.00,0.95,56.28,40.00,0.050,38.12,18.15
498,34.09,35.00,0.91,54.76,40.00,0.050,36.56,18.20
499,34.07,35.00,0.93,55.43,40.00,0.050,37.19,18.24
500,34.06,35.00,0.94,55.79,40.00,0.050,37.50,18.29
501,34.06,35.00,0.94,55.84,40.00,0.050,37.50,18.34
503,34.05,35.00,0.95,56.20,40.00,0.050,37.81,18.39
504,34.05,35.00,0.95,56.56,40.00,0.050,38.12,18.43
505,34.05,35.00,0.95,56.29,40.00,0.050,37.81,18.48
506,34.09,35.00,0.91,54.78,40.00,0.050,36.25,18.53
507,34.09,35.00,0.91,54.82,40.00,0.050,36.25,18.57
508,34.03,35.00,0.97,57.37,40.00,0.050,38.75,18.62
509,34.08,35.00,0.92,55.54,40.00,0.050,36.88,18.67
510,34.05,35.00,0.95,56.84,40.00,0.050,38.12,18.71
511,34.03,35.00,0.97,57.51,40.00,0.050,38.75,18.76
512,34.06,35.00,0.94,56.31,40.00,0.050,37.50,18.81
513,33.93,35.00,1.07,61.67,40.00,0.050,42.81,18.86
514,33.97,35.00,1.03,60.16,40.00,0.050,41.25,18.91
515,34.04,35.00,0.96,57.40,40.00,0.050,38.44,18.96
516,33.95,35.00,1.05,61.20,40.00,0.050,42.19,19.01
517,33.98,35.00,1.02,59.69,40.00,0.050,40.62,19.07
518,34.05,35.00,0.95,56.93,40.00,0.050,37.81,19.11
519,34.07,35.00,0.93,56.35,40.00,0.050,37.19,19.16
520,34.09,35.00,0.91,55.77,40.00,0.050,36.56,19.20
521,34.09,35.00,0.91,55.50,40.00,0.050,36.25,19.25
522,34.12,35.00,0.88,54.61,40.00,0.050,35.31,19.29
523,34.15,35.00,0.85,53.40,40.00,0.050,34.06,19.34
524,34.16,35.00,0.84,53.13,40.00,0.050,33.75,19.38
525,34.12,35.00,0.88,54.42,40.00,0.050,35.00,19.42
526,34.16,35.00,0.84,52.90,40.00,0.050,33.44,19.46
527,34.16,35.00,0.84,52.94,40.00,0.050,33.44,19.51
528,34.08,35.00,0.92,56.43,40.00,0.050,36.88,19.55
529,34.06,35.00,0.94,57.10,40.00,0.050,37.50,19.60
530,34.09,35.00,0.91,55.89,40.00,0.050,36.25,19.64
531,34.09,35.00,0.91,56.25,40.00,0.050,36.56,19.69
532,34.09,35.00,0.91,55.99,40.00,0.050,36.25,19.74
533,34.12,35.00,0.88,55.09,40.00,0.050,35.31,19.78
534,34.12,35.00,0.88,54.82,40.00,0.050,35.00,19.82
535,34.12,35.00,0.88,54.87,40.00,0.050,35.00,19.87
536,34.16,35.00,0.84,53.35,40.00,0.050,33.44,19.91
537,34.18,35.00,0.82,52.76,40.00,0.050,32.81,19.95
538,34.20,35.00,0.80,51.86,40.00,0.050,31.88,19.99
539,34.23,35.00,0.77,50.97,40.00,0.050,30.94,20.03
540,34.23,35.00,0.77,51.00,40.00,0.050,30.94,20.07
541,34.22,35.00,0.78,51.36,40.00,0.050,31.25,20.11
542,34.26,35.00,0.74,49.83,40.00,0.050,29.69,20.14
543,34.27,35.00,0.73,49.56,40.00,0.050,29.38,20.18
544,34.20,35.00,0.80,52.09,40.00,0.050,31.88,20.22
545,34.22,35.00,0.78,51.51,40.00,0.050,31.25,20.26
546,34.20,35.00,0.80,52.17,40.00,0.050,31.88,20.30
547,34.14,35.00,0.86,54.72,40.00,0.050,34.38,20.34
548,34.14,35.00,0.86,54.76,40.00,0.050,34.38,20.38
549,34.16,35.00,0.84,54.18,40.00,0.050,33.75,20.43
550,34.16,35.00,0.84,53.91,40.00,0.050,33.44,20.47
551,34.20,35.00,0.80,52.70,40.00,0.050,32.19,20.51
552,34.21,35.00,0.79,52.11,40.00,0.050,31.56,20.55
553,34.23,35.00,0.77,51.52,40.00,0.050,30.94,20.59
554,34.23,35.00,0.77,51.25,40.00,0.050,30.62,20.63
555,34.20,35.00,0.80,52.54,40.00,0.050,31.88,20.67
556,34.20,35.00,0.80,52.58,40.00,0.050,31.88,20.71
557,34.22,35.00,0.78,51.99,40.00,0.050,31.25,20.74
558,34.22,35.00,0.78,52.03,40.00,0.050,31.25,20.78
559,34.21,35.00,0.79,52.39,40.00,0.050,31.56,20.82
560,34.23,35.00,0.77,51.80,40.00,0.050,30.94,20.86
561,34.18,35.00,0.82,53.71,40.00,0.050,32.81,20.90
562,34.18,35.00,0.82,53.76,40.00,0.050,32.81,20.94
563,34.20,35.00,0.80,52.86,40.00,0.050,31.88,20.98
564,34.20,35.00,0.80,53.21,40.00,0.050,32.19,21.02
565,34.12,35.00,0.88,56.38,40.00,0.050,35.31,21.07
566,34.14,35.00,0.86,55.49,40.00,0.050,34.38,21.11
567,34.20,35.00,0.80,53.34,40.00,0.050,32.19,21.15
568,34.22,35.00,0.78,52.44,40.00,0.050,31.25,21.19
569,34.15,35.00,0.85,55.29,40.00,0.050,34.06,21.23
570,34.17,35.00,0.83,54.40,40.00,0.050,33.12,21.27
571,34.21,35.00,0.79,52.88,40.00,0.050,31.56,21.31
572,34.21,35.00,0.79,52.92,40.00,0.050,31.56,21.35
573,34.18,35.00,0.82,54.21,40.00,0.050,32.81,21.39
574,34.19,35.00,0.81,53.93,40.00,0.050,32.50,21.43
575,34.19,35.00,0.81,53.97,40.00,0.050,32.50,21.48
576,34.20,35.00,0.80,53.39,40.00,0.050,31.88,21.51
577,34.19,35.00,0.81,54.06,40.00,0.050,32.50,21.56
578,34.12,35.00,0.88,56.60,40.00,0.050,35.00,21.60
579,34.10,35.00,0.90,57.58,40.00,0.050,35.94,21.64
580,34.14,35.00,0.86,56.06,40.00,0.050,34.38,21.69
581,34.15,35.00,0.85,55.79,40.00,0.050,34.06,21.73
582,34.12,35.00,0.88,57.09,40.00,0.050,35.31,21.77
583,34.14,35.00,0.86,56.19,40.00,0.050,34.38,21.82
584,34.19,35.00,0.81,54.36,40.00,0.050,32.50,21.86
585,34.19,35.00,0.81,54.40,40.00,0.050,32.50,21.90
586,34.23,35.00,0.77,52.87,40.00,0.050,30.94,21.94
587,34.23,35.00,0.77,52.60,40.00,0.050,30.62,21.98
588,34.19,35.00,0.81,54.52,40.00,0.050,32.50,22.02
589,34.17,35.00,0.83,55.18,40.00,0.050,33.12,22.06
590,34.17,35.00,0.83,55.22,40.00,0.050,33.12,22.10
591,34.18,35.00,0.82,54.95,40.00,0.050,32.81,22.14
592,34.20,35.00,0.80,54.05,40.00,0.050,31.88,22.18
593,34.18,35.00,0.82,55.03,40.00,0.050,32.81,22.22
594,34.18,35.00,0.82,55.07,40.00,0.050,32.81,22.26
595,34.16,35.00,0.84,55.74,40.00,0.050,33.44,22.30
596,34.21,35.00,0.79,53.91,40.00,0.050,31.56,22.34
597,34.10,35.00,0.90,58.33,40.00,0.050,35.94,22.39
598,34.12,35.00,0.88,57.74,40.00,0.050,35.31,22.43
599,34.15,35.00,0.85,56.54,40.00,0.050,34.06,22.47
600,34.19,35.00,0.81,55.01,40.00,0.050,32.50,22.51
601,34.21,35.00,0.79,54.12,40.00,0.050,31.56,22.55
602,34.16,35.00,0.84,56.03,40.00,0.050,33.44,22.60
603,34.20,35.00,0.80,54.82,40.00,0.050,32.19,22.64
604,34.18,35.00,0.82,55.49,40.00,0.050,32.81,22.68
605,34.16,35.00,0.84,56.16,40.00,0.050,33.44,22.72
606,34.17,35.00,0.83,55.89,40.00,0.050,33.12,22.76
607,34.16,35.00,0.84,56.55,40.00,0.050,33.75,22.80
608,34.18,35.00,0.82,55.66,40.00,0.050,32.81,22.84
609,34.23,35.00,0.77,53.82,40.00,0.050,30.94,22.88
610,34.26,35.00,0.74,52.61,40.00,0.050,29.69,22.92
611,34.25,35.00,0.75,52.96,40.00,0.050,30.00,22.96
612,34.27,35.00,0.73,52.06,40.00,0.050,29.06,22.99
613,34.28,35.00,0.72,51.78,40.00,0.050,28.75,23.03
614,34.29,35.00,0.71,51.50,40.00,0.050,28.44,23.06
615,34.29,35.00,0.71,51.54,40.00,0.050,28.44,23.10
616,34.25,35.00,0.75,53.14,40.00,0.050,30.00,23.14
617,34.17,35.00,0.83,56.30,40.00,0.050,33.12,23.18
618,34.19,35.00,0.81,55.72,40.00,0.050,32.50,23.22
619,34.19,35.00,0.81,55.76,40.00,0.050,32.50,23.26
620,34.20,35.00,0.80,55.18,40.00,0.050,31.88,23.30
621,34.24,35.00,0.76,53.65,40.00,0.050,30.31,23.34
622,34.23,35.00,0.77,54.31,40.00,0.050,30.94,23.38
623,34.26,35.00,0.74,53.10,40.00,0.050,29.69,23.41
624,34.23,35.00,0.77,54.08,40.00,0.050,30.62,23.45
625,34.23,35.00,0.77,54.12,40.00,0.050,30.62,23.49
626,34.24,35.00,0.76,53.84,40.00,0.050,30.31,23.53
627,34.19,35.00,0.81,56.07,40.00,0.050,32.50,23.57
628,34.16,35.00,0.84,57.05,40.00,0.050,33.44,23.61
629,34.24,35.00,0.76,53.96,40.00,0.050,30.31,23.65
630,34.25,35.00,0.75,53.69,40.00,0.050,30.00,23.69
631,34.23,35.00,0.77,54.35,40.00,0.050,30.62,23.72
632,34.23,35.00,0.77,54.70,40.00,0.050,30.94,23.76
633,34.16,35.00,0.84,57.56,40.00,0.050,33.75,23.81
634,34.20,35.00,0.80,56.03,40.00,0.050,32.19,23.85
635,34.22,35.00,0.78,55.13,40.00,0.050,31.25,23.88
636,34.23,35.00,0.77,54.55,40.00,0.050,30.62,23.92
637,34.20,35.00,0.80,55.84,40.00,0.050,31.88,23.96
638,34.25,35.00,0.75,54.00,40.00,0.050,30.00,24.00
639,34.26,35.00,0.74,53.72,40.00,0.050,29.69,24.04
640,34.16,35.00,0.84,57.52,40.00,0.050,33.44,24.08
641,34.25,35.00,0.75,54.12,40.00,0.050,30.00,24.12
642,34.27,35.00,0.73,53.53,40.00,0.050,29.38,24.15
643,34.24,35.00,0.76,54.50,40.00,0.050,30.31,24.19
644,34.25,35.00,0.75,54.23,40.00,0.050,30.00,24.23
645,34.24,35.00,0.76,54.58,40.00,0.050,30.31,24.27
646,34.26,35.00,0.74,53.99,40.00,0.050,29.69,24.30
647,34.23,35.00,0.77,55.28,40.00,0.050,30.94,24.34
648,34.21,35.00,0.79,55.94,40.00,0.050,31.56,24.38
649,34.20,35.00,0.80,56.61,40.00,0.050,32.19,24.42
650,34.25,35.00,0.75,54.46,40.00,0.050,30.00,24.46
651,34.27,35.00,0.73,53.87,40.00,0.050,29.38,24.50
652,34.25,35.00,0.75,54.53,40.00,0.050,30.00,24.53
653,34.27,35.00,0.73,53.95,40.00,0.050,29.38,24.57
654,34.23,35.00,0.77,55.55,40.00,0.050,30.94,24.61
655,34.19,35.00,0.81,57.15,40.00,0.050,32.50,24.65
656,34.20,35.00,0.80,56.88,40.00,0.050,32.19,24.69
657,34.23,35.00,0.77,55.35,40.00,0.050,30.62,24.73
658,34.28,35.00,0.72,53.51,40.00,0.050,28.75,24.76
659,34.24,35.00,0.76,55.11,40.00,0.050,30.31,24.80
660,34.21,35.00,0.79,56.40,40.00,0.050,31.56,24.84
661,34.24,35.00,0.76,55.19,40.00,0.050,30.31,24.88
662,34.21,35.00,0.79,56.48,40.00,0.050,31.56,24.92
663,34.22,35.00,0.78,56.21,40.00,0.050,31.25,24.96
664,34.24,35.00,0.76,55.31,40.00,0.050,30.31,25.00
665,34.27,35.00,0.73,54.09,40.00,0.050,29.06,25.03
666,34.27,35.00,0.73,54.13,40.00,0.050,29.06,25.07
667,34.27,35.00,0.73,54.48,40.00,0.050,29.38,25.11
668,34.27,35.00,0.73,54.52,40.00,0.050,29.38,25.14
669,34.27,35.00,0.73,54.24,40.00,0.050,29.06,25.18
671,34.27,35.00,0.73,54.28,40.00,0.050,29.06,25.21
672,34.28,35.00,0.72,54.00,40.00,0.050,28.75,25.25
673,34.28,35.00,0.72,54.04,40.00,0.050,28.75,25.29
674,34.30,35.00,0.70,53.13,40.00,0.050,27.81,25.32
675,34.26,35.00,0.74,55.05,40.00,0.050,29.69,25.36
676,34.26,35.00,0.74,55.08,40.00,0.050,29.69,25.40
677,34.27,35.00,0.73,54.81,40.00,0.050,29.38,25.43
678,34.24,35.00,0.76,55.78,40.00,0.050,30.31,25.47
679,34.24,35.00,0.76,55.82,40.00,0.050,30.31,25.51
680,34.28,35.00,0.72,54.29,40.00,0.050,28.75,25.54
681,34.28,35.00,0.72,54.33,40.00,0.050,28.75,25.58
682,34.30,35.00,0.70,53.43,40.00,0.050,27.81,25.61
683,34.31,35.00,0.69,53.15,40.00,0.050,27.50,25.65
684,34.27,35.00,0.73,55.06,40.00,0.050,29.38,25.69
685,34.30,35.00,0.70,53.85,40.00,0.050,28.12,25.72
686,34.30,35.00,0.70,53.57,40.00,0.050,27.81,25.76
687,34.27,35.00,0.73,54.85,40.00,0.050,29.06,25.79
688,34.30,35.00,0.70,53.95,40.00,0.050,28.12,25.83
689,34.27,35.00,0.73,54.93,40.00,0.050,29.06,25.86
690,34.31,35.00,0.69,53.40,40.00,0.050,27.50,25.90
691,34.31,35.00,0.69,53.43,40.00,0.050,27.50,25.93
692,34.31,35.00,0.69,53.47,40.00,0.050,27.50,25.97
693,34.32,35.00,0.68,53.19,40.00,0.050,27.19,26.00
694,34.32,35.00,0.68,53.22,40.00,0.050,27.19,26.03
695,34.33,35.00,0.67,52.94,40.00,0.050,26.88,26.07
696,34.35,35.00,0.65,52.04,40.00,0.050,25.94,26.10
697,34.37,35.00,0.63,51.44,40.00,0.050,25.31,26.13
698,34.33,35.00,0.67,53.04,40.00,0.050,26.88,26.17
699,34.36,35.00,0.64,51.82,40.00,0.050,25.62,26.20
700,34.31,35.00,0.69,53.73,40.00,0.050,27.50,26.23
701,34.16,35.00,0.84,59.71,40.00,0.050,33.44,26.27
702,34.06,35.00,0.94,63.82,40.00,0.050,37.50,26.32
703,34.04,35.00,0.96,64.81,40.00,0.050,38.44,26.37
704,34.06,35.00,0.94,63.92,40.00,0.050,37.50,26.42
705,34.05,35.00,0.95,64.28,40.00,0.050,37.81,26.46
706,34.09,35.00,0.91,62.76,40.00,0.050,36.25,26.51
707,34.19,35.00,0.81,59.05,40.00,0.050,32.50,26.55
708,34.17,35.00,0.83,59.72,40.00,0.050,33.12,26.59
709,34.20,35.00,0.80,58.82,40.00,0.050,32.19,26.63
710,34.16,35.00,0.84,60.11,40.00,0.050,33.44,26.67
711,34.20,35.00,0.80,58.90,40.00,0.050,32.19,26.71
712,34.21,35.00,0.79,58.31,40.00,0.050,31.56,26.75
713,34.20,35.00,0.80,58.67,40.00,0.050,31.88,26.79
714,34.21,35.00,0.79,58.39,40.00,0.050,31.56,26.83
715,34.22,35.00,0.78,58.12,40.00,0.050,31.25,26.87
716,34.25,35.00,0.75,56.91,40.00,0.050,30.00,26.91
717,34.26,35.00,0.74,56.63,40.00,0.050,29.69,26.95
718,34.29,35.00,0.71,55.42,40.00,0.050,28.44,26.98
719,34.32,35.00,0.68,54.20,40.00,0.050,27.19,27.01
720,34.31,35.00,0.69,54.55,40.00,0.050,27.50,27.05
721,34.31,35.00,0.69,54.58,40.00,0.050,27.50,27.08
722,34.30,35.00,0.70,55.24,40.00,0.050,28.12,27.12
723,34.23,35.00,0.77,58.09,40.00,0.050,30.94,27.16
724,34.30,35.00,0.70,55.00,40.00,0.050,27.81,27.19
725,34.30,35.00,0.70,55.04,40.00,0.050,27.81,27.23
726,34.34,35.00,0.66,53.82,40.00,0.050,26.56,27.26
727,34.33,35.00,0.67,54.17,40.00,0.050,26.88,27.29
728,34.37,35.00,0.63,52.64,40.00,0.050,25.31,27.33
729,34.36,35.00,0.64,52.98,40.00,0.050,25.62,27.36
730,34.32,35.00,0.68,54.58,40.00,0.050,27.19,27.39
731,34.24,35.00,0.76,57.74,40.00,0.050,30.31,27.43
732,34.15,35.00,0.85,61.53,40.00,0.050,34.06,27.47
733,34.23,35.00,0.77,58.14,40.00,0.050,30.62,27.51
734,34.27,35.00,0.73,56.61,40.00,0.050,29.06,27.55
735,34.30,35.00,0.70,55.71,40.00,0.050,28.12,27.58
736,34.31,35.00,0.69,55.12,40.00,0.050,27.50,27.62
737,34.32,35.00,0.68,54.84,40.00,0.050,27.19,27.65
738,34.35,35.00,0.65,53.62,40.00,0.050,25.94,27.68
739,34.32,35.00,0.68,54.90,40.00,0.050,27.19,27.72
740,34.35,35.00,0.65,53.69,40.00,0.050,25.94,27.75
741,34.33,35.00,0.67,54.66,40.00,0.050,26.88,27.78
742,34.27,35.00,0.73,56.88,40.00,0.050,29.06,27.82
743,34.34,35.00,0.66,54.10,40.00,0.050,26.25,27.85
744,34.33,35.00,0.67,54.76,40.00,0.050,26.88,27.89
745,34.30,35.00,0.70,55.73,40.00,0.050,27.81,27.92
746,34.33,35.00,0.67,54.83,40.00,0.050,26.88,27.95
747,34.30,35.00,0.70,55.80,40.00,0.050,27.81,27.99
748,34.34,35.00,0.66,54.58,40.00,0.050,26.56,28.02
749,34.33,35.00,0.67,54.93,40.00,0.050,26.88,28.06
750,34.35,35.00,0.65,54.03,40.00,0.050,25.94,28.09
751,34.37,35.00,0.63,53.43,40.00,0.050,25.31,28.12
752,34.34,35.00,0.66,54.71,40.00,0.050,26.56,28.15
753,34.37,35.00,0.63,53.50,40.00,0.050,25.31,28.18
754,34.35,35.00,0.65,54.15,40.00,0.050,25.94,28.22
755,34.29,35.00,0.71,56.69,40.00,0.050,28.44,28.25
756,34.32,35.00,0.68,55.47,40.00,0.050,27.19,28.29
757,34.31,35.00,0.69,55.82,40.00,0.050,27.50,28.32
758,34.36,35.00,0.64,53.98,40.00,0.050,25.62,28.35
759,34.36,35.00,0.64,54.01,40.00,0.050,25.62,28.38
760,34.39,35.00,0.61,52.79,40.00,0.050,24.38,28.41
761,34.38,35.00,0.62,53.45,40.00,0.050,25.00,28.45
762,34.38,35.00,0.62,53.16,40.00,0.050,24.69,28.48
763,34.40,35.00,0.60,52.57,40.00,0.050,24.06,28.51
764,34.45,35.00,0.55,50.72,40.00,0.050,22.19,28.53
765,34.41,35.00,0.59,52.00,40.00,0.050,23.44,28.56
766,34.38,35.00,0.62,53.28,40.00,0.050,24.69,28.59
767,34.36,35.00,0.64,54.25,40.00,0.050,25.62,28.63
768,34.38,35.00,0.62,53.35,40.00,0.050,24.69,28.66
769,34.38,35.00,0.62,53.38,40.00,0.050,24.69,28.69
770,34.38,35.00,0.62,53.72,40.00,0.050,25.00,28.72
771,34.37,35.00,0.63,54.06,40.00,0.050,25.31,28.75
772,34.41,35.00,0.59,52.22,40.00,0.050,23.44,28.78
773,34.43,35.00,0.57,51.62,40.00,0.050,22.81,28.81
774,34.40,35.00,0.60,52.90,40.00,0.050,24.06,28.84
775,34.45,35.00,0.55,51.05,40.00,0.050,22.19,28.87
776,34.45,35.00,0.55,51.08,40.00,0.050,22.19,28.89
777,34.47,35.00,0.53,50.17,40.00,0.050,21.25,28.92
778,34.47,35.00,0.53,50.20,40.00,0.050,21.25,28.95
779,34.47,35.00,0.53,50.22,40.00,0.050,21.25,28.97
780,34.44,35.00,0.56,51.50,40.00,0.050,22.50,29.00
781,34.41,35.00,0.59,52.78,40.00,0.050,23.75,29.03
782,34.41,35.00,0.59,52.81,40.00,0.050,23.75,29.06
783,34.34,35.00,0.66,55.66,40.00,0.050,26.56,29.10
784,34.27,35.00,0.73,58.51,40.00,0.050,29.38,29.13
785,34.38,35.00,0.62,53.85,40.00,0.050,24.69,29.16
786,34.38,35.00,0.62,53.88,40.00,0.050,24.69,29.19
787,34.36,35.00,0.64,54.85,40.00,0.050,25.62,29.23
788,34.32,35.00,0.68,56.45,40.00,0.050,27.19,29.26
789,34.23,35.00,0.77,59.92,40.00,0.050,30.62,29.30
790,34.24,35.00,0.76,59.65,40.00,0.050,30.31,29.34
791,34.24,35.00,0.76,59.69,40.00,0.050,30.31,29.37
792,34.29,35.00,0.71,57.85,40.00,0.050,28.44,29.41
793,34.27,35.00,0.73,58.82,40.00,0.050,29.38,29.45
794,34.26,35.00,0.74,59.17,40.00,0.050,29.69,29.48
795,34.30,35.00,0.70,57.64,40.00,0.050,28.12,29.52
796,34.34,35.00,0.66,55.80,40.00,0.050,26.25,29.55
797,34.31,35.00,0.69,57.09,40.00,0.050,27.50,29.59
798,34.30,35.00,0.70,57.43,40.00,0.050,27.81,29.62
799,34.34,35.00,0.66,55.90,40.00,0.050,26.25,29.65
800,34.30,35.00,0.70,57.50,40.00,0.050,27.81,29.69
801,34.21,35.00,0.79,61.29,40.00,0.050,31.56,29.73
802,34.30,35.00,0.70,57.57,40.00,0.050,27.81,29.76
803,34.35,35.00,0.65,55.73,40.00,0.050,25.94,29.79
804,34.37,35.00,0.63,55.14,40.00,0.050,25.31,29.83
805,34.38,35.00,0.62,54.54,40.00,0.050,24.69,29.86
806,34.40,35.00,0.60,53.95,40.00,0.050,24.06,29.89
807,34.39,35.00,0.61,54.29,40.00,0.050,24.38,29.92
808,34.41,35.00,0.59,53.70,40.00,0.050,23.75,29.95
809,34.41,35.00,0.59,53.73,40.00,0.050,23.75,29.98
810,34.38,35.00,0.62,54.70,40.00,0.050,24.69,30.01
811,34.38,35.00,0.62,55.04,40.00,0.050,25.00,30.04
812,34.38,35.00,0.62,55.07,40.00,0.050,25.00,30.07
813,34.36,35.00,0.64,55.73,40.00,0.050,25.62,30.10
814,34.34,35.00,0.66,56.70,40.00,0.050,26.56,30.14
815,34.34,35.00,0.66,56.73,40.00,0.050,26.56,30.17
816,34.34,35.00,0.66,56.76,40.00,0.050,26.56,30.20
817,34.32,35.00,0.68,57.42,40.00,0.050,27.19,30.24
818,34.31,35.00,0.69,57.77,40.00,0.050,27.50,30.27
819,34.27,35.00,0.73,59.37,40.00,0.050,29.06,30.31
820,34.27,35.00,0.73,59.72,40.00,0.050,29.38,30.34
821,34.23,35.00,0.77,61.01,40.00,0.050,30.62,30.38
822,34.27,35.00,0.73,59.48,40.00,0.050,29.06,30.42
823,34.30,35.00,0.70,58.27,40.00,0.050,27.81,30.45
824,34.34,35.00,0.66,56.74,40.00,0.050,26.25,30.49
825,34.38,35.00,0.62,55.52,40.00,0.050,25.00,30.52
826,34.38,35.00,0.62,55.55,40.00,0.050,25.00,30.55
827,34.41,35.00,0.59,54.33,40.00,0.050,23.75,30.58
828,34.37,35.00,0.63,55.92,40.00,0.050,25.31,30.61
829,34.39,35.00,0.61,55.01,40.00,0.050,24.38,30.64
830,34.41,35.00,0.59,54.11,40.00,0.050,23.44,30.67
831,34.43,35.00,0.57,53.51,40.00,0.050,22.81,30.70
832,34.37,35.00,0.63,56.04,40.00,0.050,25.31,30.73
833,34.28,35.00,0.72,59.52,40.00,0.050,28.75,30.77
834,34.27,35.00,0.73,59.86,40.00,0.050,29.06,30.80
835,34.33,35.00,0.67,57.71,40.00,0.050,26.88,30.84
836,34.34,35.00,0.66,57.12,40.00,0.050,26.25,30.87
837,34.37,35.00,0.63,56.21,40.00,0.050,25.31,30.90
839,34.39,35.00,0.61,55.31,40.00,0.050,24.38,30.93
840,34.39,35.00,0.61,55.34,40.00,0.050,24.38,30.96
841,34.42,35.00,0.58,54.11,40.00,0.050,23.12,30.99
842,34.38,35.00,0.62,55.71,40.00,0.050,24.69,31.02
843,34.34,35.00,0.66,57.30,40.00,0.050,26.25,31.05
844,34.37,35.00,0.63,56.40,40.00,0.050,25.31,31.08
845,34.41,35.00,0.59,54.86,40.00,0.050,23.75,31.11
846,34.38,35.00,0.62,55.83,40.00,0.050,24.69,31.15
847,34.41,35.00,0.59,54.61,40.00,0.050,23.44,31.17
848,34.41,35.00,0.59,54.64,40.00,0.050,23.44,31.20
849,34.43,35.00,0.57,54.04,40.00,0.050,22.81,31.23
850,34.44,35.00,0.56,53.76,40.00,0.050,22.50,31.26
851,34.43,35.00,0.57,54.10,40.00,0.050,22.81,31.29
852,34.41,35.00,0.59,54.76,40.00,0.050,23.44,31.32
853,34.41,35.00,0.59,54.79,40.00,0.050,23.44,31.35
854,34.38,35.00,0.62,56.38,40.00,0.050,25.00,31.38
855,34.41,35.00,0.59,55.16,40.00,0.050,23.75,31.41
856,34.38,35.00,0.62,56.44,40.00,0.050,25.00,31.44
857,34.39,35.00,0.61,55.85,40.00,0.050,24.38,31.47
858,34.31,35.00,0.69,59.00,40.00,0.050,27.50,31.50
859,34.38,35.00,0.62,56.22,40.00,0.050,24.69,31.54
860,34.39,35.00,0.61,55.94,40.00,0.050,24.38,31.57
861,34.40,35.00,0.60,55.66,40.00,0.050,24.06,31.60
862,34.38,35.00,0.62,56.31,40.00,0.050,24.69,31.63
863,34.30,35.00,0.70,59.47,40.00,0.050,27.81,31.66
864,34.31,35.00,0.69,59.20,40.00,0.050,27.50,31.70
865,34.36,35.00,0.64,57.35,40.00,0.050,25.62,31.73
866,34.31,35.00,0.69,59.26,40.00,0.050,27.50,31.76
867,34.32,35.00,0.68,58.98,40.00,0.050,27.19,31.80
868,34.30,35.00,0.70,59.64,40.00,0.050,27.81,31.83
869,34.33,35.00,0.67,58.74,40.00,0.050,26.88,31.86
870,34.26,35.00,0.74,61.59,40.00,0.050,29.69,31.90
871,34.29,35.00,0.71,60.38,40.00,0.050,28.44,31.94
872,34.30,35.00,0.70,60.10,40.00,0.050,28.12,31.97
873,34.34,35.00,0.66,58.57,40.00,0.050,26.56,32.01
874,34.33,35.00,0.67,58.91,40.00,0.050,26.88,32.04
875,34.39,35.00,0.61,56.44,40.00,0.050,24.38,32.07
876,34.38,35.00,0.62,57.10,40.00,0.050,25.00,32.10
877,34.40,35.00,0.60,56.19,40.00,0.050,24.06,32.13
878,34.42,35.00,0.58,55.29,40.00,0.050,23.12,32.16
879,34.36,35.00,0.64,57.82,40.00,0.050,25.62,32.19
880,34.38,35.00,0.62,56.91,40.00,0.050,24.69,32.22
881,34.38,35.00,0.62,57.25,40.00,0.050,25.00,32.25
882,34.38,35.00,0.62,56.97,40.00,0.050,24.69,32.29
883,34.42,35.00,0.58,55.44,40.00,0.050,23.12,32.31
884,34.41,35.00,0.59,56.09,40.00,0.050,23.75,32.34
885,34.25,35.00,0.75,62.38,40.00,0.050,30.00,32.38
886,34.29,35.00,0.71,60.85,40.00,0.050,28.44,32.42
887,34.34,35.00,0.66,58.70,40.00,0.050,26.25,32.45
888,34.36,35.00,0.64,58.11,40.00,0.050,25.62,32.48
889,34.34,35.00,0.66,59.08,40.00,0.050,26.56,32.51
890,34.28,35.00,0.72,61.30,40.00,0.050,28.75,32.55
891,34.30,35.00,0.70,60.40,40.00,0.050,27.81,32.59
892,34.35,35.00,0.65,58.56,40.00,0.050,25.94,32.62
893,34.36,35.00,0.64,58.28,40.00,0.050,25.62,32.65
894,34.40,35.00,0.60,56.74,40.00,0.050,24.06,32.68
895,34.42,35.00,0.58,55.83,40.00,0.050,23.12,32.71
896,34.43,35.00,0.57,55.55,40.00,0.050,22.81,32.74
897,34.44,35.00,0.56,55.27,40.00,0.050,22.50,32.77
898,34.44,35.00,0.56,55.29,40.00,0.050,22.50,32.79
899,34.42,35.00,0.58,55.95,40.00,0.050,23.12,32.82
900,34.41,35.00,0.59,56.29,40.00,0.050,23.44,32.85
901,34.39,35.00,0.61,57.26,40.00,0.050,24.38,32.88
902,34.41,35.00,0.59,56.35,40.00,0.050,23.44,32.91
903,34.41,35.00,0.59,56.38,40.00,0.050,23.44,32.94
904,34.37,35.00,0.63,58.29,40.00,0.050,25.31,32.97
905,34.34,35.00,0.66,59.26,40.00,0.050,26.25,33.01
906,34.38,35.00,0.62,58.04,40.00,0.050,25.00,33.04
907,34.37,35.00,0.63,58.38,40.00,0.050,25.31,33.07
908,34.45,35.00,0.55,55.28,40.00,0.050,22.19,33.10
909,34.43,35.00,0.57,55.94,40.00,0.050,22.81,33.12
910,34.38,35.00,0.62,57.84,40.00,0.050,24.69,33.16
911,34.45,35.00,0.55,55.06,40.00,0.050,21.88,33.18
912,34.48,35.00,0.52,54.15,40.00,0.050,20.94,33.21
913,34.49,35.00,0.51,53.55,40.00,0.050,20.31,33.23
914,34.50,35.00,0.50,53.26,40.00,0.050,20.00,33.26
915,34.48,35.00,0.52,53.91,40.00,0.050,20.62,33.29
916,34.48,35.00,0.52,53.94,40.00,0.050,20.62,33.31
917,34.50,35.00,0.50,53.34,40.00,0.050,20.00,33.34
918,34.50,35.00,0.50,53.36,40.00,0.050,20.00,33.36
919,34.38,35.00,0.62,58.08,40.00,0.050,24.69,33.39
920,34.45,35.00,0.55,55.61,40.00,0.050,22.19,33.42
921,34.45,35.00,0.55,55.32,40.00,0.050,21.88,33.45
922,34.45,35.00,0.55,55.35,40.00,0.050,21.88,33.47
923,34.42,35.00,0.58,56.63,40.00,0.050,23.12,33.50
924,34.41,35.00,0.59,57.28,40.00,0.050,23.75,33.53
925,34.43,35.00,0.57,56.37,40.00,0.050,22.81,33.56
926,34.36,35.00,0.64,59.22,40.00,0.050,25.62,33.59
927,34.41,35.00,0.59,57.06,40.00,0.050,23.44,33.62
928,34.38,35.00,0.62,58.65,40.00,0.050,25.00,33.65
929,34.27,35.00,0.73,63.07,40.00,0.050,29.38,33.69
930,34.35,35.00,0.65,59.66,40.00,0.050,25.94,33.72
931,34.36,35.00,0.64,59.38,40.00,0.050,25.62,33.76
932,34.34,35.00,0.66,60.04,40.00,0.050,26.25,33.79
933,34.30,35.00,0.70,61.64,40.00,0.050,27.81,33.82
934,34.34,35.00,0.66,60.11,40.00,0.050,26.25,33.86
935,34.33,35.00,0.67,60.76,40.00,0.050,26.88,33.89
936,34.34,35.00,0.66,60.48,40.00,0.050,26.56,33.92
937,34.37,35.00,0.63,59.27,40.00,0.050,25.31,33.95
938,34.34,35.00,0.66,60.24,40.00,0.050,26.25,33.99
939,34.34,35.00,0.66,60.58,40.00,0.050,26.56,34.02
940,34.36,35.00,0.64,59.68,40.00,0.050,25.62,34.05
941,34.36,35.00,0.64,59.71,40.00,0.050,25.62,34.08
942,34.41,35.00,0.59,57.55,40.00,0.050,23.44,34.11
943,34.41,35.00,0.59,57.58,40.00,0.050,23.44,34.14
944,34.45,35.00,0.55,56.36,40.00,0.050,22.19,34.17
945,34.44,35.00,0.56,56.70,40.00,0.050,22.50,34.20
946,34.46,35.00,0.54,55.79,40.00,0.050,21.56,34.23
947,34.48,35.00,0.52,54.88,40.00,0.050,20.62,34.25
948,34.44,35.00,0.56,56.78,40.00,0.050,22.50,34.28
949,34.45,35.00,0.55,56.18,40.00,0.050,21.88,34.31
950,34.46,35.00,0.54,55.90,40.00,0.050,21.56,34.33
951,34.45,35.00,0.55,56.24,40.00,0.050,21.88,34.36
952,34.44,35.00,0.56,56.89,40.00,0.050,22.50,34.39
953,34.45,35.00,0.55,56.60,40.00,0.050,22.19,34.42
954,34.43,35.00,0.57,57.26,40.00,0.050,22.81,34.45
955,34.42,35.00,0.58,57.60,40.00,0.050,23.12,34.47
956,34.42,35.00,0.58,57.63,40.00,0.050,23.12,34.50
957,34.45,35.00,0.55,56.72,40.00,0.050,22.19,34.53
958,34.41,35.00,0.59,58.31,40.00,0.050,23.75,34.56
959,34.40,35.00,0.60,58.65,40.00,0.050,24.06,34.59
960,34.41,35.00,0.59,58.37,40.00,0.050,23.75,34.62
961,34.40,35.00,0.60,58.71,40.00,0.050,24.06,34.65
962,34.45,35.00,0.55,56.87,40.00,0.050,22.19,34.68
963,34.45,35.00,0.55,56.58,40.00,0.050,21.88,34.71
964,34.40,35.00,0.60,58.80,40.00,0.050,24.06,34.74
965,34.41,35.00,0.59,58.20,40.00,0.050,23.44,34.76
966,34.45,35.00,0.55,56.98,40.00,0.050,22.19,34.79
967,34.45,35.00,0.55,56.69,40.00,0.050,21.88,34.82
968,34.48,35.00,0.52,55.47,40.00,0.050,20.62,34.85
969,34.48,35.00,0.52,55.81,40.00,0.050,20.94,34.87
970,34.51,35.00,0.49,54.58,40.00,0.050,19.69,34.90
971,34.51,35.00,0.49,54.61,40.00,0.050,19.69,34.92
972,34.53,35.00,0.47,53.69,40.00,0.050,18.75,34.94
973,34.50,35.00,0.50,54.97,40.00,0.050,20.00,34.97
974,34.52,35.00,0.48,54.37,40.00,0.050,19.38,34.99
975,34.52,35.00,0.48,54.39,40.00,0.050,19.38,35.02
976,34.51,35.00,0.49,54.73,40.00,0.050,19.69,35.04
977,34.55,35.00,0.45,53.19,40.00,0.050,18.12,35.07
978,34.52,35.00,0.48,54.15,40.00,0.050,19.06,35.09
979,34.54,35.00,0.46,53.55,40.00,0.050,18.44,35.11
980,34.55,35.00,0.45,53.26,40.00,0.050,18.12,35.13
981,34.59,35.00,0.41,51.72,40.00,0.050,16.56,35.16
982,34.56,35.00,0.44,52.68,40.00,0.050,17.50,35.18
983,34.58,35.00,0.42,52.07,40.00,0.050,16.88,35.20
984,34.48,35.00,0.52,55.85,40.00,0.050,20.62,35.22
985,34.53,35.00,0.47,54.00,40.00,0.050,18.75,35.25
986,34.57,35.00,0.43,52.46,40.00,0.050,17.19,35.27
987,34.58,35.00,0.42,52.17,40.00,0.050,16.88,35.29
988,34.52,35.00,0.48,54.38,40.00,0.050,19.06,35.31
989,34.55,35.00,0.45,53.15,40.00,0.050,17.81,35.34
990,34.59,35.00,0.41,51.92,40.00,0.050,16.56,35.36
991,34.58,35.00,0.42,52.25,40.00,0.050,16.88,35.38
992,34.55,35.00,0.45,53.53,40.00,0.050,18.12,35.40
993,34.58,35.00,0.42,52.30,40.00,0.050,16.88,35.42
994,34.60,35.00,0.40,51.38,40.00,0.050,15.94,35.44
995,34.63,35.00,0.37,50.15,40.00,0.050,14.69,35.46
996,34.60,35.00,0.40,51.42,40.00,0.050,15.94,35.48
997,34.57,35.00,0.43,52.69,40.00,0.050,17.19,35.50
998,34.58,35.00,0.42,52.40,40.00,0.050,16.88,35.52
999,34.57,35.00,0.43,52.73,40.00,0.050,17.19,35.54
1000,34.51,35.00,0.49,55.26,40.00,0.050,19.69,35.57
1001,34.51,35.00,0.49,55.28,40.00,0.050,19.69,35.59
1002,34.52,35.00,0.48,54.68,40.00,0.050,19.06,35.62
1003,34.49,35.00,0.51,55.96,40.00,0.050,20.31,35.64
1004,34.50,35.00,0.50,55.67,40.00,0.050,20.00,35.67
1006,34.52,35.00,0.48,55.07,40.00,0.050,19.38,35.69
1007,34.52,35.00,0.48,54.78,40.00,0.050,19.06,35.72
1008,34.47,35.00,0.53,56.99,40.00,0.050,21.25,35.74
1009,34.38,35.00,0.62,60.77,40.00,0.050,25.00,35.77
1010,34.50,35.00,0.50,55.80,40.00,0.050,20.00,35.80
1011,34.54,35.00,0.46,54.26,40.00,0.050,18.44,35.82
1012,34.41,35.00,0.59,59.60,40.00,0.050,23.75,35.85
1013,34.48,35.00,0.52,56.81,40.00,0.050,20.94,35.88
1014,34.52,35.00,0.48,55.28,40.00,0.050,19.38,35.90
1015,34.52,35.00,0.48,54.99,40.00,0.050,19.06,35.93
1016,34.51,35.00,0.49,55.64,40.00,0.050,19.69,35.95
1017,34.52,35.00,0.48,55.35,40.00,0.050,19.38,35.97
1018,34.45,35.00,0.55,58.19,40.00,0.050,22.19,36.00
1019,34.52,35.00,0.48,55.40,40.00,0.050,19.38,36.03
1020,34.55,35.00,0.45,54.17,40.00,0.050,18.12,36.05
1021,34.58,35.00,0.42,52.94,40.00,0.050,16.88,36.07
1022,34.59,35.00,0.41,52.65,40.00,0.050,16.56,36.09
1023,34.57,35.00,0.43,53.30,40.00,0.050,17.19,36.11
1024,34.52,35.00,0.48,55.20,40.00,0.050,19.06,36.14
1025,34.57,35.00,0.43,53.34,40.00,0.050,17.19,36.16
1026,34.51,35.00,0.49,55.87,40.00,0.050,19.69,36.18
1027,34.54,35.00,0.46,54.64,40.00,0.050,18.44,36.21
1028,34.54,35.00,0.46,54.67,40.00,0.050,18.44,36.23
1029,34.52,35.00,0.48,55.31,40.00,0.050,19.06,36.25
1030,34.55,35.00,0.45,54.40,40.00,0.050,18.12,36.27
1031,34.56,35.00,0.44,53.80,40.00,0.050,17.50,36.30
1032,34.55,35.00,0.45,54.13,40.00,0.050,17.81,36.32
1033,34.55,35.00,0.45,54.15,40.00,0.050,17.81,36.34
1034,34.56,35.00,0.44,53.86,40.00,0.050,17.50,36.36
1035,34.53,35.00,0.47,55.14,40.00,0.050,18.75,36.39
1036,34.58,35.00,0.42,53.28,40.00,0.050,16.88,36.41
1037,34.55,35.00,0.45,54.24,40.00,0.050,17.81,36.43
1038,34.56,35.00,0.44,53.95,40.00,0.050,17.50,36.45
1039,34.54,35.00,0.46,54.91,40.00,0.050,18.44,36.47
1040,34.52,35.00,0.48,55.87,40.00,0.050,19.38,36.50
1041,34.52,35.00,0.48,55.59,40.00,0.050,19.06,36.52
1042,34.56,35.00,0.44,54.04,40.00,0.050,17.50,36.54
1043,34.53,35.00,0.47,55.32,40.00,0.050,18.75,36.57
1044,34.59,35.00,0.41,53.15,40.00,0.050,16.56,36.59
1045,34.55,35.00,0.45,54.42,40.00,0.050,17.81,36.61
1046,34.58,35.00,0.42,53.51,40.00,0.050,16.88,36.63
1047,34.55,35.00,0.45,54.47,40.00,0.050,17.81,36.65
1048,34.54,35.00,0.46,55.11,40.00,0.050,18.44,36.68
1049,34.55,35.00,0.45,54.51,40.00,0.050,17.81,36.70
1050,34.55,35.00,0.45,54.53,40.00,0.050,17.81,36.72
1051,34.57,35.00,0.43,53.93,40.00,0.050,17.19,36.74
1052,34.55,35.00,0.45,54.58,40.00,0.050,17.81,36.77
1053,34.50,35.00,0.50,56.79,40.00,0.050,20.00,36.79
1054,34.52,35.00,0.48,56.19,40.00,0.050,19.38,36.81
1055,34.54,35.00,0.46,55.28,40.00,0.050,18.44,36.84
1056,34.50,35.00,0.50,56.86,40.00,0.050,20.00,36.86
1057,34.55,35.00,0.45,55.01,40.00,0.050,18.12,36.89
1058,34.55,35.00,0.45,55.03,40.00,0.050,18.12,36.91
1059,34.57,35.00,0.43,54.12,40.00,0.050,17.19,36.93
1060,34.57,35.00,0.43,54.14,40.00,0.050,17.19,36.95
1061,34.58,35.00,0.42,53.85,40.00,0.050,16.88,36.97
1062,34.57,35.00,0.43,54.18,40.00,0.050,17.19,36.99
1063,34.62,35.00,0.38,52.01,40.00,0.050,15.00,37.01
1064,34.65,35.00,0.35,51.09,40.00,0.050,14.06,37.03
1065,34.67,35.00,0.33,50.17,40.00,0.050,13.12,37.05
1066,34.66,35.00,0.34,50.81,40.00,0.050,13.75,37.06
1067,34.65,35.00,0.35,51.14,40.00,0.050,14.06,37.08
1068,34.68,35.00,0.32,49.91,40.00,0.050,12.81,37.10
1069,34.70,35.00,0.30,49.30,40.00,0.050,12.19,37.11
1070,34.70,35.00,0.30,49.00,40.00,0.050,11.88,37.13
1071,34.65,35.00,0.35,51.21,40.00,0.050,14.06,37.14
1072,34.69,35.00,0.31,49.66,40.00,0.050,12.50,37.16
1073,34.71,35.00,0.29,48.74,40.00,0.050,11.56,37.17
1074,34.70,35.00,0.30,49.06,40.00,0.050,11.88,37.19
1075,34.55,35.00,0.45,55.02,40.00,0.050,17.81,37.21
1076,34.56,35.00,0.44,54.73,40.00,0.050,17.50,37.23
1077,34.56,35.00,0.44,54.76,40.00,0.050,17.50,37.26
1078,34.47,35.00,0.53,58.53,40.00,0.050,21.25,37.28
1079,34.48,35.00,0.52,58.25,40.00,0.050,20.94,37.31
1080,34.48,35.00,0.52,57.96,40.00,0.050,20.62,37.33
1081,34.54,35.00,0.46,55.79,40.00,0.050,18.44,37.36
1082,34.46,35.00,0.54,58.95,40.00,0.050,21.56,37.38
1083,34.55,35.00,0.45,55.53,40.00,0.050,18.12,37.41
1084,34.55,35.00,0.45,55.55,40.00,0.050,18.12,37.43
1085,34.50,35.00,0.50,57.45,40.00,0.050,20.00,37.45
1086,34.47,35.00,0.53,58.73,40.00,0.050,21.25,37.48
1087,34.47,35.00,0.53,58.76,40.00,0.050,21.25,37.51
1088,34.48,35.00,0.52,58.16,40.00,0.050,20.62,37.53
1089,34.51,35.00,0.49,57.25,40.00,0.050,19.69,37.56
1090,34.50,35.00,0.50,57.58,40.00,0.050,20.00,37.58
1091,34.45,35.00,0.55,59.80,40.00,0.050,22.19,37.61
1092,34.41,35.00,0.59,61.39,40.00,0.050,23.75,37.64
1093,34.50,35.00,0.50,57.67,40.00,0.050,20.00,37.67
1094,34.51,35.00,0.49,57.38,40.00,0.050,19.69,37.69
1095,34.53,35.00,0.47,56.46,40.00,0.050,18.75,37.71
1096,34.51,35.00,0.49,57.43,40.00,0.050,19.69,37.74
1097,34.45,35.00,0.55,59.64,40.00,0.050,21.88,37.77
1098,34.52,35.00,0.48,56.85,40.00,0.050,19.06,37.79
1099,34.55,35.00,0.45,55.62,40.00,0.050,17.81,37.81
1100,34.58,35.00,0.42,54.71,40.00,0.050,16.88,37.83
1101,34.59,35.00,0.41,54.42,40.00,0.050,16.56,37.85
1102,34.46,35.00,0.54,59.44,40.00,0.050,21.56,37.88
1103,34.44,35.00,0.56,60.41,40.00,0.050,22.50,37.91
1104,34.45,35.00,0.55,60.12,40.00,0.050,22.19,37.94
1105,34.39,35.00,0.61,62.34,40.00,0.050,24.38,37.97
1106,34.42,35.00,0.58,61.12,40.00,0.050,23.12,38.00
1107,34.45,35.00,0.55,59.90,40.00,0.050,21.88,38.02
1108,34.41,35.00,0.59,61.49,40.00,0.050,23.44,38.05
1109,34.49,35.00,0.51,58.39,40.00,0.050,20.31,38.08
1110,34.47,35.00,0.53,59.35,40.00,0.050,21.25,38.10
1111,34.46,35.00,0.54,59.69,40.00,0.050,21.56,38.13
1112,34.47,35.00,0.53,59.41,40.00,0.050,21.25,38.16
1113,34.48,35.00,0.52,58.81,40.00,0.050,20.62,38.18
1114,34.48,35.00,0.52,59.15,40.00,0.050,20.94,38.21
1115,34.52,35.00,0.48,57.61,40.00,0.050,19.38,38.23
1116,34.49,35.00,0.51,58.57,40.00,0.050,20.31,38.26
1117,34.48,35.00,0.52,58.91,40.00,0.050,20.62,38.29
1118,34.51,35.00,0.49,58.00,40.00,0.050,19.69,38.31
1119,34.52,35.00,0.48,57.71,40.00,0.050,19.38,38.33
1120,34.48,35.00,0.52,58.98,40.00,0.050,20.62,38.36
1121,34.50,35.00,0.50,58.38,40.00,0.050,20.00,38.38
1122,34.45,35.00,0.55,60.60,40.00,0.050,22.19,38.41
1123,34.52,35.00,0.48,57.50,40.00,0.050,19.06,38.44
1124,34.56,35.00,0.44,55.96,40.00,0.050,17.50,38.46
1125,34.58,35.00,0.42,55.35,40.00,0.050,16.88,38.48
1126,34.59,35.00,0.41,54.75,40.00,0.050,16.25,38.50
1127,34.59,35.00,0.41,54.77,40.00,0.050,16.25,38.52
1128,34.61,35.00,0.39,54.16,40.00,0.050,15.62,38.54
1129,34.53,35.00,0.47,57.31,40.00,0.050,18.75,38.56
1130,34.58,35.00,0.42,55.46,40.00,0.050,16.88,38.58
1131,34.53,35.00,0.47,57.36,40.00,0.050,18.75,38.61
1132,34.55,35.00,0.45,56.76,40.00,0.050,18.12,38.63
1133,34.58,35.00,0.42,55.53,40.00,0.050,16.88,38.65
1134,34.53,35.00,0.47,57.42,40.00,0.050,18.75,38.67
1135,34.55,35.00,0.45,56.51,40.00,0.050,17.81,38.70
1136,34.57,35.00,0.43,55.91,40.00,0.050,17.19,38.72
1137,34.54,35.00,0.46,57.18,40.00,0.050,18.44,38.74
1138,34.53,35.00,0.47,57.51,40.00,0.050,18.75,38.76
1139,34.53,35.00,0.47,57.54,40.00,0.050,18.75,38.79
1140,34.52,35.00,0.48,57.87,40.00,0.050,19.06,38.81
1141,34.53,35.00,0.47,57.59,40.00,0.050,18.75,38.84
1142,34.56,35.00,0.44,56.36,40.00,0.050,17.50,38.86
1143,34.56,35.00,0.44,56.38,40.00,0.050,17.50,38.88
1144,34.52,35.00,0.48,58.28,40.00,0.050,19.38,38.90
1145,34.52,35.00,0.48,58.30,40.00,0.050,19.38,38.93
1146,34.48,35.00,0.52,59.89,40.00,0.050,20.94,38.95
1147,34.45,35.00,0.55,60.86,40.00,0.050,21.88,38.98
1148,34.45,35.00,0.55,61.20,40.00,0.050,22.19,39.01
1149,34.45,35.00,0.55,60.91,40.00,0.050,21.88,39.04
1150,34.55,35.00,0.45,57.18,40.00,0.050,18.12,39.06
1151,34.59,35.00,0.41,55.64,40.00,0.050,16.56,39.08
1152,34.57,35.00,0.43,56.29,40.00,0.050,17.19,39.10
1153,34.59,35.00,0.41,55.37,40.00,0.050,16.25,39.12
1154,34.59,35.00,0.41,55.39,40.00,0.050,16.25,39.14
1155,34.49,35.00,0.51,59.48,40.00,0.050,20.31,39.17
1156,34.55,35.00,0.45,57.00,40.00,0.050,17.81,39.19
1157,34.55,35.00,0.45,57.02,40.00,0.050,17.81,39.21
1158,34.62,35.00,0.38,54.54,40.00,0.050,15.31,39.23
1159,34.62,35.00,0.38,54.25,40.00,0.050,15.00,39.25
1160,34.64,35.00,0.36,53.64,40.00,0.050,14.38,39.27
1161,34.63,35.00,0.37,53.97,40.00,0.050,14.69,39.29
1162,34.60,35.00,0.40,55.24,40.00,0.050,15.94,39.31
1163,34.58,35.00,0.42,56.20,40.00,0.050,16.88,39.33
1164,34.61,35.00,0.39,54.97,40.00,0.050,15.62,39.35
1165,34.63,35.00,0.37,54.05,40.00,0.050,14.69,39.36
1166,34.56,35.00,0.44,56.89,40.00,0.050,17.50,39.39
1167,34.45,35.00,0.55,61.29,40.00,0.050,21.88,39.41
1168,34.51,35.00,0.49,59.13,40.00,0.050,19.69,39.44
1169,34.50,35.00,0.50,59.46,40.00,0.050,20.00,39.46
1170,34.50,35.00,0.50,59.49,40.00,0.050,20.00,39.49
1171,34.54,35.00,0.46,57.95,40.00,0.050,18.44,39.51
1172,34.55,35.00,0.45,57.66,40.00,0.050,18.12,39.53
1174,34.55,35.00,0.45,57.68,40.00,0.050,18.12,39.56
1175,34.51,35.00,0.49,59.27,40.00,0.050,19.69,39.58
1176,34.55,35.00,0.45,57.42,40.00,0.050,17.81,39.60
1177,34.57,35.00,0.43,56.81,40.00,0.050,17.19,39.63
1178,34.60,35.00,0.40,55.58,40.00,0.050,15.94,39.65
1179,34.59,35.00,0.41,55.92,40.00,0.050,16.25,39.67
1180,34.60,35.00,0.40,55.62,40.00,0.050,15.94,39.69
1181,34.60,35.00,0.40,55.64,40.00,0.050,15.94,39.71
1182,34.62,35.00,0.38,55.04,40.00,0.050,15.31,39.72
1183,34.62,35.00,0.38,55.06,40.00,0.050,15.31,39.74
1184,34.63,35.00,0.37,54.45,40.00,0.050,14.69,39.76
1185,34.62,35.00,0.38,54.78,40.00,0.050,15.00,39.78
1186,34.62,35.00,0.38,54.80,40.00,0.050,15.00,39.80
1187,34.62,35.00,0.38,54.82,40.00,0.050,15.00,39.82
1188,34.66,35.00,0.34,53.59,40.00,0.050,13.75,39.84
1189,34.66,35.00,0.34,53.29,40.00,0.050,13.44,39.85
1190,34.67,35.00,0.33,52.99,40.00,0.050,13.12,39.87
1191,34.66,35.00,0.34,53.64,40.00,0.050,13.75,39.89
1192,34.66,35.00,0.34,53.34,40.00,0.050,13.44,39.90
1193,34.67,35.00,0.33,53.04,40.00,0.050,13.12,39.92
1194,34.62,35.00,0.38,54.94,40.00,0.050,15.00,39.94
1195,34.61,35.00,0.39,55.58,40.00,0.050,15.62,39.96
1196,34.64,35.00,0.36,54.35,40.00,0.050,14.38,39.98
1197,34.64,35.00,0.36,54.37,40.00,0.050,14.38,39.99
1198,34.66,35.00,0.34,53.76,40.00,0.050,13.75,40.01
1199,34.67,35.00,0.33,53.15,40.00,0.050,13.12,40.03
1200,34.70,35.00,0.30,52.23,40.00,0.050,12.19,40.04
1201,34.69,35.00,0.31,52.56,40.00,0.050,12.50,40.06
1202,34.67,35.00,0.33,53.20,40.00,0.050,13.12,40.07
1203,34.69,35.00,0.31,52.59,40.00,0.050,12.50,40.09
1204,34.69,35.00,0.31,52.61,40.00,0.050,12.50,40.11
1205,34.70,35.00,0.30,52.00,40.00,0.050,11.88,40.12
1206,34.69,35.00,0.31,52.64,40.00,0.050,12.50,40.14
1207,34.69,35.00,0.31,52.65,40.00,0.050,12.50,40.15
1208,34.70,35.00,0.30,52.35,40.00,0.050,12.19,40.17
1209,34.70,35.00,0.30,52.06,40.00,0.050,11.88,40.18
1210,34.63,35.00,0.37,54.89,40.00,0.050,14.69,40.20
1211,34.62,35.00,0.38,55.22,40.00,0.050,15.00,40.22
1212,34.61,35.00,0.39,55.86,40.00,0.050,15.62,40.24
1213,34.61,35.00,0.39,55.88,40.00,0.050,15.62,40.26
1214,34.61,35.00,0.39,55.90,40.00,0.050,15.62,40.28
1215,34.64,35.00,0.36,54.67,40.00,0.050,14.38,40.30
1216,34.64,35.00,0.36,54.69,40.00,0.050,14.38,40.31
1217,34.45,35.00,0.55,62.22,40.00,0.050,21.88,40.34
1218,34.47,35.00,0.53,61.62,40.00,0.050,21.25,40.37
1219,34.44,35.00,0.56,62.90,40.00,0.050,22.50,40.40
1220,34.23,35.00,0.77,71.37,40.00,0.050,30.94,40.43
1221,34.26,35.00,0.74,70.16,40.00,0.050,29.69,40.47
1222,34.30,35.00,0.70,68.63,40.00,0.050,28.12,40.51
1223,34.22,35.00,0.78,71.80,40.00,0.050,31.25,40.55
1224,34.17,35.00,0.83,73.71,40.00,0.050,33.12,40.59
1225,34.30,35.00,0.70,68.43,40.00,0.050,27.81,40.62
1226,34.34,35.00,0.66,66.90,40.00,0.050,26.25,40.65
1227,34.30,35.00,0.70,68.81,40.00,0.050,28.12,40.69
1228,34.40,35.00,0.60,64.78,40.00,0.050,24.06,40.72
1229,34.38,35.00,0.62,65.75,40.00,0.050,25.00,40.75
1230,34.41,35.00,0.59,64.22,40.00,0.050,23.44,40.78
1231,34.44,35.00,0.56,63.31,40.00,0.050,22.50,40.81
1232,34.44,35.00,0.56,63.34,40.00,0.050,22.50,40.84
1233,34.49,35.00,0.51,61.17,40.00,0.050,20.31,40.86
1234,34.52,35.00,0.48,59.95,40.00,0.050,19.06,40.89
1235,34.52,35.00,0.48,59.97,40.00,0.050,19.06,40.91
1236,34.55,35.00,0.45,59.06,40.00,0.050,18.12,40.93
1237,34.52,35.00,0.48,60.33,40.00,0.050,19.38,40.96
1238,34.55,35.00,0.45,59.10,40.00,0.050,18.12,40.98
1239,34.55,35.00,0.45,58.81,40.00,0.050,17.81,41.00
1240,34.52,35.00,0.48,60.40,40.00,0.050,19.38,41.03
1241,34.48,35.00,0.52,61.99,40.00,0.050,20.94,41.05
1242,34.58,35.00,0.42,57.95,40.00,0.050,16.88,41.07
1243,34.58,35.00,0.42,57.97,40.00,0.050,16.88,41.09
1244,34.59,35.00,0.41,57.68,40.00,0.050,16.56,41.11
1245,34.58,35.00,0.42,58.01,40.00,0.050,16.88,41.14
1246,34.63,35.00,0.37,55.84,40.00,0.050,14.69,41.15
1247,34.64,35.00,0.36,55.55,40.00,0.050,14.38,41.17
1248,34.59,35.00,0.41,57.44,40.00,0.050,16.25,41.19
1249,34.62,35.00,0.38,56.21,40.00,0.050,15.00,41.21
1250,34.62,35.00,0.38,56.54,40.00,0.050,15.31,41.23
1251,34.59,35.00,0.41,57.50,40.00,0.050,16.25,41.25
1252,34.65,35.00,0.35,55.33,40.00,0.050,14.06,41.27
1253,34.67,35.00,0.33,54.41,40.00,0.050,13.12,41.28
1254,34.70,35.00,0.30,53.49,40.00,0.050,12.19,41.30
1255,34.68,35.00,0.32,54.13,40.00,0.050,12.81,41.32
1256,34.64,35.00,0.36,55.71,40.00,0.050,14.38,41.33
1257,34.61,35.00,0.39,56.98,40.00,0.050,15.62,41.35
1258,34.65,35.00,0.35,55.43,40.00,0.050,14.06,41.37
1259,34.67,35.00,0.33,54.51,40.00,0.050,13.12,41.39
1260,34.70,35.00,0.30,53.28,40.00,0.050,11.88,41.40
1261,34.71,35.00,0.29,52.98,40.00,0.050,11.56,41.42
1262,34.72,35.00,0.28,52.68,40.00,0.050,11.25,41.43
1263,34.70,35.00,0.30,53.63,40.00,0.050,12.19,41.45
1264,34.71,35.00,0.29,53.02,40.00,0.050,11.56,41.46
1265,34.73,35.00,0.27,52.41,40.00,0.050,10.94,41.47
1266,34.70,35.00,0.30,53.36,40.00,0.050,11.88,41.49
1267,34.73,35.00,0.27,52.44,40.00,0.050,10.94,41.50
1268,34.71,35.00,0.29,53.08,40.00,0.050,11.56,41.52
1269,34.72,35.00,0.28,52.78,40.00,0.050,11.25,41.53
1270,34.69,35.00,0.31,54.05,40.00,0.050,12.50,41.55
1271,34.71,35.00,0.29,53.12,40.00,0.050,11.56,41.56
1272,34.71,35.00,0.29,53.14,40.00,0.050,11.56,41.58
1273,34.72,35.00,0.28,52.84,40.00,0.050,11.25,41.59
1274,34.73,35.00,0.27,52.23,40.00,0.050,10.62,41.60
1275,34.74,35.00,0.26,51.93,40.00,0.050,10.31,41.62
1276,34.74,35.00,0.26,51.94,40.00,0.050,10.31,41.63
1277,34.68,35.00,0.32,54.46,40.00,0.050,12.81,41.64
1278,34.72,35.00,0.28,52.91,40.00,0.050,11.25,41.66
1279,34.73,35.00,0.27,52.61,40.00,0.050,10.94,41.67
1280,34.69,35.00,0.31,54.19,40.00,0.050,12.50,41.69
1281,34.69,35.00,0.31,54.20,40.00,0.050,12.50,41.70
1282,34.69,35.00,0.31,54.22,40.00,0.050,12.50,41.72
1283,34.68,35.00,0.32,54.55,40.00,0.050,12.81,41.74
1284,34.69,35.00,0.31,54.25,40.00,0.050,12.50,41.75
1285,34.68,35.00,0.32,54.58,40.00,0.050,12.81,41.77
1286,34.67,35.00,0.33,54.91,40.00,0.050,13.12,41.78
1287,34.66,35.00,0.34,55.24,40.00,0.050,13.44,41.80
1288,34.66,35.00,0.34,55.57,40.00,0.050,13.75,41.82
1289,34.65,35.00,0.35,55.90,40.00,0.050,14.06,41.83
1290,34.63,35.00,0.37,56.54,40.00,0.050,14.69,41.85
1291,34.59,35.00,0.41,58.12,40.00,0.050,16.25,41.87
1292,34.55,35.00,0.45,59.71,40.00,0.050,17.81,41.90
1293,34.44,35.00,0.56,64.42,40.00,0.050,22.50,41.92
1294,34.29,35.00,0.71,70.40,40.00,0.050,28.44,41.96
1295,34.33,35.00,0.67,68.87,40.00,0.050,26.88,41.99
1296,34.34,35.00,0.66,68.59,40.00,0.050,26.56,42.03
1297,34.41,35.00,0.59,65.81,40.00,0.050,23.75,42.06
1298,34.44,35.00,0.56,64.58,40.00,0.050,22.50,42.08
1299,34.45,35.00,0.55,63.99,40.00,0.050,21.88,42.11
1300,34.46,35.00,0.54,63.70,40.00,0.050,21.56,42.14
1301,34.49,35.00,0.51,62.48,40.00,0.050,20.31,42.16
1302,34.52,35.00,0.48,61.56,40.00,0.050,19.38,42.19
1303,34.54,35.00,0.46,60.65,40.00,0.050,18.44,42.21
1304,34.58,35.00,0.42,59.11,40.00,0.050,16.88,42.23
1305,34.58,35.00,0.42,59.13,40.00,0.050,16.88,42.25
1306,34.58,35.00,0.42,59.15,40.00,0.050,16.88,42.27
1307,34.60,35.00,0.40,58.23,40.00,0.050,15.94,42.29
1308,34.59,35.00,0.41,58.88,40.00,0.050,16.56,42.31
1309,34.60,35.00,0.40,58.27,40.00,0.050,15.94,42.33
1310,34.60,35.00,0.40,58.29,40.00,0.050,15.94,42.35
1311,34.62,35.00,0.38,57.37,40.00,0.050,15.00,42.37
1312,34.62,35.00,0.38,57.71,40.00,0.050,15.31,42.39
1313,34.62,35.00,0.38,57.41,40.00,0.050,15.00,42.41
1314,34.62,35.00,0.38,57.43,40.00,0.050,15.00,42.43
1315,34.62,35.00,0.38,57.45,40.00,0.050,15.00,42.45
1316,34.62,35.00,0.38,57.78,40.00,0.050,15.31,42.47
1317,34.62,35.00,0.38,57.80,40.00,0.050,15.31,42.49
1318,34.59,35.00,0.41,59.07,40.00,0.050,16.56,42.51
1319,34.58,35.00,0.42,59.40,40.00,0.050,16.88,42.53
1320,34.60,35.00,0.40,58.49,40.00,0.050,15.94,42.55
1321,34.61,35.00,0.39,58.19,40.00,0.050,15.62,42.57
1322,34.62,35.00,0.38,57.90,40.00,0.050,15.31,42.59
1323,34.61,35.00,0.39,58.23,40.00,0.050,15.62,42.61
1324,34.61,35.00,0.39,58.25,40.00,0.050,15.62,42.63
1325,34.60,35.00,0.40,58.58,40.00,0.050,15.94,42.65
1326,34.55,35.00,0.45,60.79,40.00,0.050,18.12,42.67
1327,34.51,35.00,0.49,62.38,40.00,0.050,19.69,42.69
1328,34.51,35.00,0.49,62.41,40.00,0.050,19.69,42.72
1329,34.54,35.00,0.46,61.18,40.00,0.050,18.44,42.74
1330,34.51,35.00,0.49,62.45,40.00,0.050,19.69,42.77
1331,34.44,35.00,0.56,65.29,40.00,0.050,22.50,42.79
1332,34.45,35.00,0.55,65.01,40.00,0.050,22.19,42.82
1333,34.47,35.00,0.53,64.10,40.00,0.050,21.25,42.85
1334,34.48,35.00,0.52,63.50,40.00,0.050,20.62,42.87
1335,34.48,35.00,0.52,63.84,40.00,0.050,20.94,42.90
1336,34.46,35.00,0.54,64.49,40.00,0.050,21.56,42.93
1337,34.41,35.00,0.59,66.39,40.00,0.050,23.44,42.96
1338,34.38,35.00,0.62,67.99,40.00,0.050,25.00,42.99
1339,34.35,35.00,0.65,68.96,40.00,0.050,25.94,43.02
1340,34.44,35.00,0.56,65.55,40.00,0.050,22.50,43.05
1342,34.46,35.00,0.54,64.64,40.00,0.050,21.56,43.08
1343,34.43,35.00,0.57,65.92,40.00,0.050,22.81,43.10
1344,34.44,35.00,0.56,65.63,40.00,0.050,22.50,43.13
1345,34.48,35.00,0.52,63.78,40.00,0.050,20.62,43.16
1346,34.49,35.00,0.51,63.50,40.00,0.050,20.31,43.18
1347,34.52,35.00,0.48,62.58,40.00,0.050,19.38,43.21
1348,34.55,35.00,0.45,61.36,40.00,0.050,18.12,43.23
1349,34.58,35.00,0.42,60.13,40.00,0.050,16.88,43.25
1350,34.59,35.00,0.41,59.52,40.00,0.050,16.25,43.27
1351,34.56,35.00,0.44,60.79,40.00,0.050,17.50,43.29
1352,34.62,35.00,0.38,58.62,40.00,0.050,15.31,43.31
1353,34.62,35.00,0.38,58.64,40.00,0.050,15.31,43.33
1354,34.59,35.00,0.41,59.60,40.00,0.050,16.25,43.35
1355,34.59,35.00,0.41,59.94,40.00,0.050,16.56,43.37
1356,34.59,35.00,0.41,59.96,40.00,0.050,16.56,43.39
1357,34.60,35.00,0.40,59.35,40.00,0.050,15.94,43.41
1358,34.55,35.00,0.45,61.25,40.00,0.050,17.81,43.44
1359,34.59,35.00,0.41,59.71,40.00,0.050,16.25,43.46
1360,34.61,35.00,0.39,59.10,40.00,0.050,15.62,43.48
1361,34.59,35.00,0.41,60.06,40.00,0.050,16.56,43.50
1362,34.59,35.00,0.41,60.08,40.00,0.050,16.56,43.52
1363,34.56,35.00,0.44,61.04,40.00,0.050,17.50,43.54
1364,34.61,35.00,0.39,59.18,40.00,0.050,15.62,43.56
1365,34.63,35.00,0.37,58.26,40.00,0.050,14.69,43.58
1366,34.52,35.00,0.48,62.66,40.00,0.050,19.06,43.60
1367,34.48,35.00,0.52,64.56,40.00,0.050,20.94,43.63
1368,34.48,35.00,0.52,64.59,40.00,0.050,20.94,43.65
1369,34.56,35.00,0.44,61.17,40.00,0.050,17.50,43.67
1370,34.52,35.00,0.48,62.76,40.00,0.050,19.06,43.70
1371,34.59,35.00,0.41,59.97,40.00,0.050,16.25,43.72
1372,34.63,35.00,0.37,58.42,40.00,0.050,14.69,43.74
1373,34.64,35.00,0.36,58.13,40.00,0.050,14.38,43.76
1374,34.66,35.00,0.34,57.21,40.00,0.050,13.44,43.77
1375,34.66,35.00,0.34,57.23,40.00,0.050,13.44,43.79
1376,34.67,35.00,0.33,56.93,40.00,0.050,13.12,43.81
1377,34.68,35.00,0.32,56.63,40.00,0.050,12.81,43.82
1378,34.67,35.00,0.33,56.96,40.00,0.050,13.12,43.84
1379,34.68,35.00,0.32,56.67,40.00,0.050,12.81,43.85
1380,34.69,35.00,0.31,56.37,40.00,0.050,12.50,43.87
1381,34.70,35.00,0.30,56.07,40.00,0.050,12.19,43.88
1382,34.66,35.00,0.34,57.34,40.00,0.050,13.44,43.90
1383,34.62,35.00,0.38,59.23,40.00,0.050,15.31,43.92
1384,34.69,35.00,0.31,56.44,40.00,0.050,12.50,43.94
1385,34.69,35.00,0.31,56.45,40.00,0.050,12.50,43.95
1386,34.70,35.00,0.30,56.15,40.00,0.050,12.19,43.97
1387,34.68,35.00,0.32,56.80,40.00,0.050,12.81,43.98
1388,34.71,35.00,0.29,55.56,40.00,0.050,11.56,44.00
1389,34.69,35.00,0.31,56.51,40.00,0.050,12.50,44.01
1390,34.67,35.00,0.33,57.15,40.00,0.050,13.12,44.03
1391,34.70,35.00,0.30,55.92,40.00,0.050,11.88,44.04
1392,34.71,35.00,0.29,55.62,40.00,0.050,11.56,44.06
1393,34.72,35.00,0.28,55.32,40.00,0.050,11.25,44.07
1394,34.69,35.00,0.31,56.59,40.00,0.050,12.50,44.09
1395,34.59,35.00,0.41,60.36,40.00,0.050,16.25,44.11
1396,34.65,35.00,0.35,58.19,40.00,0.050,14.06,44.13
1397,34.67,35.00,0.33,57.27,40.00,0.050,13.12,44.14
1398,34.66,35.00,0.34,57.60,40.00,0.050,13.44,44.16
1399,34.68,35.00,0.32,56.99,40.00,0.050,12.81,44.18
1400,34.70,35.00,0.30,56.38,40.00,0.050,12.19,44.19
1401,34.71,35.00,0.29,55.77,40.00,0.050,11.56,44.21
1402,34.63,35.00,0.37,58.91,40.00,0.050,14.69,44.22
1403,34.68,35.00,0.32,57.05,40.00,0.050,12.81,44.24
1404,34.68,35.00,0.32,57.07,40.00,0.050,12.81,44.26
1405,34.60,35.00,0.40,60.21,40.00,0.050,15.94,44.28
1406,34.66,35.00,0.34,58.04,40.00,0.050,13.75,44.29
1407,34.66,35.00,0.34,57.75,40.00,0.050,13.44,44.31
1408,34.68,35.00,0.32,57.14,40.00,0.050,12.81,44.33
1409,34.65,35.00,0.35,58.41,40.00,0.050,14.06,44.34
1410,34.65,35.00,0.35,58.42,40.00,0.050,14.06,44.36
1411,34.65,35.00,0.35,58.44,40.00,0.050,14.06,44.38
1412,34.68,35.00,0.32,57.21,40.00,0.050,12.81,44.39
1413,34.69,35.00,0.31,56.91,40.00,0.050,12.50,44.41
1414,34.68,35.00,0.32,57.24,40.00,0.050,12.81,44.43
1415,34.69,35.00,0.31,56.94,40.00,0.050,12.50,44.44
1416,34.65,35.00,0.35,58.52,40.00,0.050,14.06,44.46
1417,34.68,35.00,0.32,57.29,40.00,0.050,12.81,44.48
1418,34.66,35.00,0.34,58.24,40.00,0.050,13.75,44.49
1419,34.68,35.00,0.32,57.32,40.00,0.050,12.81,44.51
1420,34.69,35.00,0.31,57.02,40.00,0.050,12.50,44.52
1421,34.69,35.00,0.31,57.04,40.00,0.050,12.50,44.54
1422,34.60,35.00,0.40,60.50,40.00,0.050,15.94,44.56
1423,34.61,35.00,0.39,60.20,40.00,0.050,15.62,44.58
1424,34.63,35.00,0.37,59.28,40.00,0.050,14.69,44.60
1425,34.63,35.00,0.37,59.30,40.00,0.050,14.69,44.62
1426,34.66,35.00,0.34,58.07,40.00,0.050,13.44,44.63
1427,34.68,35.00,0.32,57.46,40.00,0.050,12.81,44.65
1428,34.69,35.00,0.31,57.16,40.00,0.050,12.50,44.66
1429,34.68,35.00,0.32,57.49,40.00,0.050,12.81,44.68
1430,34.69,35.00,0.31,57.20,40.00,0.050,12.50,44.70
1431,34.69,35.00,0.31,57.21,40.00,0.050,12.50,44.71
1432,34.70,35.00,0.30,56.91,40.00,0.050,12.19,44.73
1433,34.67,35.00,0.33,57.87,40.00,0.050,13.12,44.74
1434,34.68,35.00,0.32,57.57,40.00,0.050,12.81,44.76
1435,34.66,35.00,0.34,58.21,40.00,0.050,13.44,44.78
1436,34.66,35.00,0.34,58.23,40.00,0.050,13.44,44.79
1437,34.63,35.00,0.37,59.50,40.00,0.050,14.69,44.81
1438,34.58,35.00,0.42,61.71,40.00,0.050,16.88,44.83
1439,34.59,35.00,0.41,61.42,40.00,0.050,16.56,44.85
1440,34.51,35.00,0.49,64.56,40.00,0.050,19.69,44.88
1441,34.52,35.00,0.48,64.28,40.00,0.050,19.38,44.90
1442,34.52,35.00,0.48,63.99,40.00,0.050,19.06,44.93
1443,34.55,35.00,0.45,63.07,40.00,0.050,18.12,44.95
1444,34.54,35.00,0.46,63.41,40.00,0.050,18.44,44.97
1445,34.59,35.00,0.41,61.24,40.00,0.050,16.25,44.99
1446,34.60,35.00,0.40,60.95,40.00,0.050,15.94,45.01
1447,34.62,35.00,0.38,60.34,40.00,0.050,15.31,45.03
1448,34.62,35.00,0.38,60.05,40.00,0.050,15.00,45.05
1449,34.62,35.00,0.38,60.38,40.00,0.050,15.31,45.07
1450,34.62,35.00,0.38,60.40,40.00,0.050,15.31,45.09
1451,34.54,35.00,0.46,63.55,40.00,0.050,18.44,45.11
1452,34.47,35.00,0.53,66.39,40.00,0.050,21.25,45.14
1453,34.45,35.00,0.55,67.04,40.00,0.050,21.88,45.16
1454,34.51,35.00,0.49,64.88,40.00,0.050,19.69,45.19
1455,34.53,35.00,0.47,63.96,40.00,0.050,18.75,45.21
1456,34.48,35.00,0.52,66.18,40.00,0.050,20.94,45.24
1457,34.48,35.00,0.52,66.20,40.00,0.050,20.94,45.26
1458,34.49,35.00,0.51,65.60,40.00,0.050,20.31,45.29
1459,34.49,35.00,0.51,65.63,40.00,0.050,20.31,45.32
1460,34.52,35.00,0.48,64.40,40.00,0.050,19.06,45.34
1461,34.49,35.00,0.51,65.68,40.00,0.050,20.31,45.36
1462,34.49,35.00,0.51,65.70,40.00,0.050,20.31,45.39
1463,34.49,35.00,0.51,65.73,40.00,0.050,20.31,45.42
1464,34.52,35.00,0.48,64.81,40.00,0.050,19.38,45.44
1465,34.53,35.00,0.47,64.21,40.00,0.050,18.75,45.46
1466,34.55,35.00,0.45,63.30,40.00,0.050,17.81,45.49
1467,34.52,35.00,0.48,64.57,40.00,0.050,19.06,45.51
1468,34.59,35.00,0.41,61.78,40.00,0.050,16.25,45.53
1469,34.62,35.00,0.38,60.86,40.00,0.050,15.31,45.55
1470,34.63,35.00,0.37,60.25,40.00,0.050,14.69,45.57
1471,34.62,35.00,0.38,60.90,40.00,0.050,15.31,45.59
1472,34.63,35.00,0.37,60.29,40.00,0.050,14.69,45.60
1473,34.66,35.00,0.34,59.37,40.00,0.050,13.75,45.62
1474,34.65,35.00,0.35,59.70,40.00,0.050,14.06,45.64
1475,34.65,35.00,0.35,59.72,40.00,0.050,14.06,45.66
1476,34.62,35.00,0.38,60.68,40.00,0.050,15.00,45.68
1477,34.59,35.00,0.41,61.95,40.00,0.050,16.25,45.70
1478,34.57,35.00,0.43,62.91,40.00,0.050,17.19,45.72
1479,34.55,35.00,0.45,63.55,40.00,0.050,17.81,45.74
1480,34.63,35.00,0.37,60.45,40.00,0.050,14.69,45.76
1481,34.63,35.00,0.37,60.46,40.00,0.050,14.69,45.78
1482,34.62,35.00,0.38,61.11,40.00,0.050,15.31,45.80
1483,34.62,35.00,0.38,60.81,40.00,0.050,15.00,45.81
1484,34.64,35.00,0.36,60.21,40.00,0.050,14.38,45.83
1485,34.64,35.00,0.36,60.23,40.00,0.050,14.38,45.85
1486,34.68,35.00,0.32,58.68,40.00,0.050,12.81,45.87
1487,34.66,35.00,0.34,59.32,40.00,0.050,13.44,45.88
1488,34.65,35.00,0.35,59.96,40.00,0.050,14.06,45.90
1489,34.66,35.00,0.34,59.67,40.00,0.050,13.75,45.92
1490,34.65,35.00,0.35,60.00,40.00,0.050,14.06,45.94
1491,34.63,35.00,0.37,60.64,40.00,0.050,14.69,45.95
1492,34.66,35.00,0.34,59.72,40.00,0.050,13.75,45.97
1493,34.68,35.00,0.32,58.80,40.00,0.050,12.81,45.99
1494,34.63,35.00,0.37,60.69,40.00,0.050,14.69,46.01
1495,34.55,35.00,0.45,63.84,40.00,0.050,17.81,46.03
1496,34.63,35.00,0.37,60.73,40.00,0.050,14.69,46.05
1497,34.67,35.00,0.33,59.19,40.00,0.050,13.12,46.06
1498,34.66,35.00,0.34,59.52,40.00,0.050,13.44,46.08
1499,34.70,35.00,0.30,58.28,40.00,0.050,12.19,46.09
1500,34.67,35.00,0.33,59.24,40.00,0.050,13.12,46.11
1501,34.70,35.00,0.30,58.31,40.00,0.050,12.19,46.13
1502,34.71,35.00,0.29,57.70,40.00,0.050,11.56,46.14
1503,34.70,35.00,0.30,58.34,40.00,0.050,12.19,46.16
1504,34.72,35.00,0.28,57.42,40.00,0.050,11.25,46.17
1505,34.73,35.00,0.27,57.12,40.00,0.050,10.94,46.18
1506,34.70,35.00,0.30,58.07,40.00,0.050,11.88,46.20
1507,34.70,35.00,0.30,58.09,40.00,0.050,11.88,46.21
1509,34.70,35.00,0.30,58.42,40.00,0.050,12.19,46.23
1510,34.71,35.00,0.29,57.81,40.00,0.050,11.56,46.24
1511,34.70,35.00,0.30,58.45,40.00,0.050,12.19,46.26
1512,34.66,35.00,0.34,60.03,40.00,0.050,13.75,46.28
1513,34.66,35.00,0.34,59.73,40.00,0.050,13.44,46.29
1514,34.72,35.00,0.28,57.56,40.00,0.050,11.25,46.31
1515,34.65,35.00,0.35,60.39,40.00,0.050,14.06,46.32
1516,34.69,35.00,0.31,58.84,40.00,0.050,12.50,46.34
1517,34.74,35.00,0.26,56.66,40.00,0.050,10.31,46.35
1518,34.74,35.00,0.26,56.68,40.00,0.050,10.31,46.37
1519,34.76,35.00,0.24,56.06,40.00,0.050,9.69,46.38
1520,34.77,35.00,0.23,55.76,40.00,0.050,9.38,46.39
1521,34.78,35.00,0.22,55.15,40.00,0.050,8.75,46.40
1522,34.78,35.00,0.22,55.16,40.00,0.050,8.75,46.41
1523,34.78,35.00,0.22,55.17,40.00,0.050,8.75,46.42
1524,34.77,35.00,0.23,55.81,40.00,0.050,9.38,46.43
1525,34.78,35.00,0.22,55.19,40.00,0.050,8.75,46.44
1526,34.78,35.00,0.22,55.21,40.00,0.050,8.75,46.46
1527,34.76,35.00,0.24,56.16,40.00,0.050,9.69,46.47
1528,34.75,35.00,0.25,56.48,40.00,0.050,10.00,46.48
1529,34.74,35.00,0.26,56.81,40.00,0.050,10.31,46.49
1530,34.71,35.00,0.29,58.07,40.00,0.050,11.56,46.51
1531,34.70,35.00,0.30,58.40,40.00,0.050,11.88,46.52
1532,34.73,35.00,0.27,57.16,40.00,0.050,10.62,46.54
1533,34.73,35.00,0.27,57.49,40.00,0.050,10.94,46.55
1534,34.73,35.00,0.27,57.50,40.00,0.050,10.94,46.56
1535,34.74,35.00,0.26,56.89,40.00,0.050,10.31,46.58
1536,34.75,35.00,0.25,56.59,40.00,0.050,10.00,46.59
1537,34.76,35.00,0.24,56.29,40.00,0.050,9.69,46.60
1538,34.76,35.00,0.24,56.30,40.00,0.050,9.69,46.61
1539,34.73,35.00,0.27,57.25,40.00,0.050,10.62,46.63
1540,34.73,35.00,0.27,57.58,40.00,0.050,10.94,46.64
1541,34.73,35.00,0.27,57.59,40.00,0.050,10.94,46.65
1542,34.62,35.00,0.38,61.67,40.00,0.050,15.00,46.67
1543,34.62,35.00,0.38,62.00,40.00,0.050,15.31,46.69
1544,34.70,35.00,0.30,58.58,40.00,0.050,11.88,46.71
1545,34.62,35.00,0.38,61.72,40.00,0.050,15.00,46.72
1546,34.65,35.00,0.35,60.80,40.00,0.050,14.06,46.74
1547,34.64,35.00,0.36,61.14,40.00,0.050,14.38,46.76
1548,34.69,35.00,0.31,59.28,40.00,0.050,12.50,46.78
1549,34.54,35.00,0.46,65.24,40.00,0.050,18.44,46.80
1550,34.70,35.00,0.30,59.00,40.00,0.050,12.19,46.81
1551,34.71,35.00,0.29,58.39,40.00,0.050,11.56,46.83
1552,34.72,35.00,0.28,58.09,40.00,0.050,11.25,46.84
1553,34.73,35.00,0.27,57.48,40.00,0.050,10.62,46.86
1554,34.75,35.00,0.25,56.87,40.00,0.050,10.00,46.87
1555,34.77,35.00,0.23,56.26,40.00,0.050,9.38,46.88
1556,34.77,35.00,0.23,55.95,40.00,0.050,9.06,46.89
1557,34.76,35.00,0.24,56.59,40.00,0.050,9.69,46.90
1558,34.74,35.00,0.26,57.23,40.00,0.050,10.31,46.92
1559,34.70,35.00,0.30,59.12,40.00,0.050,12.19,46.93
1560,34.58,35.00,0.42,63.83,40.00,0.050,16.88,46.95
1561,34.69,35.00,0.31,59.47,40.00,0.050,12.50,46.97
1562,34.70,35.00,0.30,59.17,40.00,0.050,12.19,46.98
1563,34.70,35.00,0.30,58.87,40.00,0.050,11.88,47.00
1564,34.69,35.00,0.31,59.51,40.00,0.050,12.50,47.01
1565,34.67,35.00,0.33,60.16,40.00,0.050,13.12,47.03
1566,34.69,35.00,0.31,59.55,40.00,0.050,12.50,47.05
1567,34.70,35.00,0.30,58.94,40.00,0.050,11.88,47.06
1568,34.73,35.00,0.27,58.01,40.00,0.050,10.94,47.07
1569,34.70,35.00,0.30,58.96,40.00,0.050,11.88,47.09
1570,34.71,35.00,0.29,58.67,40.00,0.050,11.56,47.10
1571,34.71,35.00,0.29,58.68,40.00,0.050,11.56,47.12
1572,34.71,35.00,0.29,58.70,40.00,0.050,11.56,47.13
1573,34.73,35.00,0.27,58.08,40.00,0.050,10.94,47.15
1574,34.70,35.00,0.30,59.35,40.00,0.050,12.19,47.16
1575,34.69,35.00,0.31,59.68,40.00,0.050,12.50,47.18
1576,34.65,35.00,0.35,61.26,40.00,0.050,14.06,47.19
1577,34.66,35.00,0.34,60.65,40.00,0.050,13.44,47.21
1578,34.67,35.00,0.33,60.35,40.00,0.050,13.12,47.23
1579,34.65,35.00,0.35,61.31,40.00,0.050,14.06,47.25
1580,34.66,35.00,0.34,60.70,40.00,0.050,13.44,47.26
1581,34.69,35.00,0.31,59.78,40.00,0.050,12.50,47.28
1582,34.66,35.00,0.34,60.73,40.00,0.050,13.44,47.29
1583,34.69,35.00,0.31,59.81,40.00,0.050,12.50,47.31
1584,34.70,35.00,0.30,59.20,40.00,0.050,11.88,47.33
1585,34.72,35.00,0.28,58.59,40.00,0.050,11.25,47.34
1586,34.74,35.00,0.26,57.66,40.00,0.050,10.31,47.35
1587,34.66,35.00,0.34,60.81,40.00,0.050,13.44,47.37
1588,34.71,35.00,0.29,58.95,40.00,0.050,11.56,47.38
1589,34.71,35.00,0.29,58.96,40.00,0.050,11.56,47.40
1590,34.67,35.00,0.33,60.54,40.00,0.050,13.12,47.41
1591,34.69,35.00,0.31,59.93,40.00,0.050,12.50,47.43
1592,34.69,35.00,0.31,59.95,40.00,0.050,12.50,47.45
1593,34.70,35.00,0.30,59.65,40.00,0.050,12.19,47.46
1594,34.72,35.00,0.28,58.73,40.00,0.050,11.25,47.48
1595,34.75,35.00,0.25,57.49,40.00,0.050,10.00,47.49
1596,34.77,35.00,0.23,56.56,40.00,0.050,9.06,47.50
1597,34.77,35.00,0.23,56.89,40.00,0.050,9.38,47.51
1598,34.73,35.00,0.27,58.15,40.00,0.050,10.62,47.52
1599,34.69,35.00,0.31,60.04,40.00,0.050,12.50,47.54
1600,34.65,35.00,0.35,61.62,40.00,0.050,14.06,47.56
1601,34.72,35.00,0.28,58.82,40.00,0.050,11.25,47.57
1602,34.77,35.00,0.23,56.64,40.00,0.050,9.06,47.58
1603,34.79,35.00,0.21,56.03,40.00,0.050,8.44,47.59
1604,34.79,35.00,0.21,56.04,40.00,0.050,8.44,47.60
1605,34.76,35.00,0.24,57.30,40.00,0.050,9.69,47.62
1606,34.77,35.00,0.23,57.00,40.00,0.050,9.38,47.63
1607,34.75,35.00,0.25,57.64,40.00,0.050,10.00,47.64
1608,34.78,35.00,0.22,56.40,40.00,0.050,8.75,47.65
1609,34.80,35.00,0.20,55.47,40.00,0.050,7.81,47.66
1610,34.80,35.00,0.20,55.48,40.00,0.050,7.81,47.67
1611,34.80,35.00,0.20,55.49,40.00,0.050,7.81,47.68
1612,34.80,35.00,0.20,55.50,40.00,0.050,7.81,47.69
1613,34.78,35.00,0.22,56.45,40.00,0.050,8.75,47.70
1614,34.70,35.00,0.30,59.90,40.00,0.050,12.19,47.72
1615,34.71,35.00,0.29,59.29,40.00,0.050,11.56,47.73
1616,34.75,35.00,0.25,57.74,40.00,0.050,10.00,47.74
1617,34.73,35.00,0.27,58.38,40.00,0.050,10.62,47.76
1618,34.78,35.00,0.22,56.52,40.00,0.050,8.75,47.77
1619,34.79,35.00,0.21,56.22,40.00,0.050,8.44,47.78
1620,34.78,35.00,0.22,56.54,40.00,0.050,8.75,47.79
1621,34.77,35.00,0.23,56.86,40.00,0.050,9.06,47.80
1622,34.78,35.00,0.22,56.56,40.00,0.050,8.75,47.81
1623,34.74,35.00,0.26,58.14,40.00,0.050,10.31,47.82
1624,34.75,35.00,0.25,57.84,40.00,0.050,10.00,47.84
1625,34.74,35.00,0.26,58.16,40.00,0.050,10.31,47.85
1626,34.74,35.00,0.26,58.17,40.00,0.050,10.31,47.86
1627,34.76,35.00,0.24,57.56,40.00,0.050,9.69,47.87
1628,34.77,35.00,0.23,57.26,40.00,0.050,9.38,47.89
1629,34.72,35.00,0.28,59.15,40.00,0.050,11.25,47.90
1630,34.71,35.00,0.29,59.48,40.00,0.050,11.56,47.91
1631,34.73,35.00,0.27,58.55,40.00,0.050,10.62,47.93
1632,34.73,35.00,0.27,58.88,40.00,0.050,10.94,47.94
1633,34.72,35.00,0.28,59.21,40.00,0.050,11.25,47.96
1634,34.74,35.00,0.26,58.28,40.00,0.050,10.31,47.97
1635,34.75,35.00,0.25,57.98,40.00,0.050,10.00,47.98
1636,34.75,35.00,0.25,57.99,40.00,0.050,10.00,47.99
1637,34.75,35.00,0.25,58.01,40.00,0.050,10.00,48.01
1638,34.77,35.00,0.23,57.39,40.00,0.050,9.38,48.02
1639,34.75,35.00,0.25,58.03,40.00,0.050,10.00,48.03
1640,34.74,35.00,0.26,58.36,40.00,0.050,10.31,48.04
1641,34.75,35.00,0.25,58.06,40.00,0.050,10.00,48.06
1642,34.74,35.00,0.26,58.38,40.00,0.050,10.31,48.07
1643,34.76,35.00,0.24,57.77,40.00,0.050,9.69,48.08
1644,34.73,35.00,0.27,58.72,40.00,0.050,10.62,48.09
1645,34.73,35.00,0.27,58.73,40.00,0.050,10.62,48.11
1646,34.73,35.00,0.27,58.75,40.00,0.050,10.62,48.12
1647,34.73,35.00,0.27,59.07,40.00,0.050,10.94,48.13
1648,34.71,35.00,0.29,59.71,40.00,0.050,11.56,48.15
1649,34.71,35.00,0.29,59.73,40.00,0.050,11.56,48.16
1650,34.72,35.00,0.28,59.43,40.00,0.050,11.25,48.18
1651,34.70,35.00,0.30,60.07,40.00,0.050,11.88,48.19
1652,34.70,35.00,0.30,60.08,40.00,0.050,11.88,48.21
1653,34.69,35.00,0.31,60.72,40.00,0.050,12.50,48.22
1654,34.71,35.00,0.29,59.80,40.00,0.050,11.56,48.24
1655,34.70,35.00,0.30,60.13,40.00,0.050,11.88,48.25
1656,34.67,35.00,0.33,61.39,40.00,0.050,13.12,48.27
1657,34.69,35.00,0.31,60.78,40.00,0.050,12.50,48.28
1658,34.68,35.00,0.32,61.11,40.00,0.050,12.81,48.30
1659,34.70,35.00,0.30,60.50,40.00,0.050,12.19,48.31
1660,34.70,35.00,0.30,60.52,40.00,0.050,12.19,48.33
1661,34.66,35.00,0.34,62.10,40.00,0.050,13.75,48.35
1662,34.68,35.00,0.32,61.18,40.00,0.050,12.81,48.36
1663,34.65,35.00,0.35,62.44,40.00,0.050,14.06,48.38
1664,34.67,35.00,0.33,61.52,40.00,0.050,13.12,48.40
1665,34.58,35.00,0.42,65.29,40.00,0.050,16.88,48.42
1666,34.64,35.00,0.36,62.81,40.00,0.050,14.38,48.44
1667,34.66,35.00,0.34,62.20,40.00,0.050,13.75,48.45
1668,34.69,35.00,0.31,60.97,40.00,0.050,12.50,48.47
1669,34.68,35.00,0.32,61.30,40.00,0.050,12.81,48.49
1670,34.68,35.00,0.32,61.31,40.00,0.050,12.81,48.50
1671,34.66,35.00,0.34,62.27,40.00,0.050,13.75,48.52
1672,34.66,35.00,0.34,61.97,40.00,0.050,13.44,48.54
1673,34.65,35.00,0.35,62.62,40.00,0.050,14.06,48.55
1674,34.63,35.00,0.37,63.26,40.00,0.050,14.69,48.57
1675,34.67,35.00,0.33,61.71,40.00,0.050,13.12,48.59
1677,34.69,35.00,0.31,61.10,40.00,0.050,12.50,48.60
1678,34.71,35.00,0.29,60.18,40.00,0.050,11.56,48.62
1679,34.71,35.00,0.29,60.19,40.00,0.050,11.56,48.63
1680,34.67,35.00,0.33,61.77,40.00,0.050,13.12,48.65
1681,34.68,35.00,0.32,61.48,40.00,0.050,12.81,48.66
1682,34.71,35.00,0.29,60.24,40.00,0.050,11.56,48.68
1683,34.70,35.00,0.30,60.57,40.00,0.050,11.88,48.69
1684,34.65,35.00,0.35,62.77,40.00,0.050,14.06,48.71
1685,34.68,35.00,0.32,61.54,40.00,0.050,12.81,48.73
1686,34.68,35.00,0.32,61.56,40.00,0.050,12.81,48.74
1687,34.68,35.00,0.32,61.57,40.00,0.050,12.81,48.76
1688,34.67,35.00,0.33,61.90,40.00,0.050,13.12,48.78
1689,34.66,35.00,0.34,62.54,40.00,0.050,13.75,48.79
1690,34.66,35.00,0.34,62.25,40.00,0.050,13.44,48.81
1691,34.66,35.00,0.34,62.58,40.00,0.050,13.75,48.83
1692,34.63,35.00,0.37,63.53,40.00,0.050,14.69,48.85
1693,34.64,35.00,0.36,63.24,40.00,0.050,14.38,48.86
1694,34.61,35.00,0.39,64.51,40.00,0.050,15.62,48.88
1695,34.53,35.00,0.47,67.66,40.00,0.050,18.75,48.91
1696,34.55,35.00,0.45,67.05,40.00,0.050,18.12,48.93
1697,34.52,35.00,0.48,68.02,40.00,0.050,19.06,48.95
1698,34.52,35.00,0.48,68.04,40.00,0.050,19.06,48.98
1699,34.45,35.00,0.55,70.88,40.00,0.050,21.88,49.00
1700,34.48,35.00,0.52,69.97,40.00,0.050,20.94,49.03
1701,34.49,35.00,0.51,69.37,40.00,0.050,20.31,49.06
1702,34.51,35.00,0.49,68.77,40.00,0.050,19.69,49.08
1703,34.49,35.00,0.51,69.42,40.00,0.050,20.31,49.11
1704,34.49,35.00,0.51,69.44,40.00,0.050,20.31,49.13
1705,34.52,35.00,0.48,68.53,40.00,0.050,19.38,49.16
1706,34.55,35.00,0.45,66.99,40.00,0.050,17.81,49.18
1707,34.54,35.00,0.46,67.64,40.00,0.050,18.44,49.20
1708,34.56,35.00,0.44,66.72,40.00,0.050,17.50,49.22
1709,34.59,35.00,0.41,65.81,40.00,0.050,16.56,49.24
1710,34.62,35.00,0.38,64.26,40.00,0.050,15.00,49.26
1711,34.59,35.00,0.41,65.84,40.00,0.050,16.56,49.28
1712,34.59,35.00,0.41,65.87,40.00,0.050,16.56,49.30
1713,34.62,35.00,0.38,64.32,40.00,0.050,15.00,49.32
1714,34.63,35.00,0.37,64.03,40.00,0.050,14.69,49.34
1715,34.64,35.00,0.36,63.73,40.00,0.050,14.38,49.36
1716,34.66,35.00,0.34,63.13,40.00,0.050,13.75,49.38
1717,34.66,35.00,0.34,62.83,40.00,0.050,13.44,49.39
1718,34.65,35.00,0.35,63.47,40.00,0.050,14.06,49.41
1719,34.66,35.00,0.34,63.18,40.00,0.050,13.75,49.43
1720,34.66,35.00,0.34,63.19,40.00,0.050,13.75,49.44
1721,34.66,35.00,0.34,63.21,40.00,0.050,13.75,49.46
1722,34.60,35.00,0.40,65.42,40.00,0.050,15.94,49.48
1723,34.55,35.00,0.45,67.63,40.00,0.050,18.12,49.50
1724,34.62,35.00,0.38,64.84,40.00,0.050,15.31,49.52
1725,34.64,35.00,0.36,63.92,40.00,0.050,14.38,49.54
1726,34.54,35.00,0.46,68.00,40.00,0.050,18.44,49.56
1727,34.55,35.00,0.45,67.40,40.00,0.050,17.81,49.59
1728,34.62,35.00,0.38,64.92,40.00,0.050,15.31,49.61
1729,34.64,35.00,0.36,64.00,40.00,0.050,14.38,49.62
1730,34.66,35.00,0.34,63.39,40.00,0.050,13.75,49.64
1731,34.65,35.00,0.35,63.72,40.00,0.050,14.06,49.66
1732,34.66,35.00,0.34,63.11,40.00,0.050,13.44,49.67
1733,34.68,35.00,0.32,62.50,40.00,0.050,12.81,49.69
1734,34.67,35.00,0.33,62.83,40.00,0.050,13.12,49.71
1735,34.59,35.00,0.41,66.29,40.00,0.050,16.56,49.73
1736,34.59,35.00,0.41,66.00,40.00,0.050,16.25,49.75
1737,34.59,35.00,0.41,66.33,40.00,0.050,16.56,49.77
1738,34.59,35.00,0.41,66.35,40.00,0.050,16.56,49.79
1739,34.61,35.00,0.39,65.43,40.00,0.050,15.62,49.81
1740,34.65,35.00,0.35,63.89,40.00,0.050,14.06,49.83
1741,34.62,35.00,0.38,64.85,40.00,0.050,15.00,49.85
1742,34.63,35.00,0.37,64.55,40.00,0.050,14.69,49.86
1743,34.62,35.00,0.38,64.88,40.00,0.050,15.00,49.88
1744,34.66,35.00,0.34,63.34,40.00,0.050,13.44,49.90
1745,34.67,35.00,0.33,63.04,40.00,0.050,13.12,49.92
1746,34.70,35.00,0.30,62.12,40.00,0.050,12.19,49.93
1747,34.71,35.00,0.29,61.51,40.00,0.050,11.56,49.95
1748,34.71,35.00,0.29,61.52,40.00,0.050,11.56,49.96
1749,34.71,35.00,0.29,61.54,40.00,0.050,11.56,49.97
1750,34.69,35.00,0.31,62.49,40.00,0.050,12.50,49.99
1751,34.65,35.00,0.35,64.07,40.00,0.050,14.06,50.01
1752,34.62,35.00,0.38,65.03,40.00,0.050,15.00,50.03
1753,34.60,35.00,0.40,65.98,40.00,0.050,15.94,50.05
1754,34.58,35.00,0.42,66.94,40.00,0.050,16.88,50.07
1755,34.66,35.00,0.34,63.83,40.00,0.050,13.75,50.08
1756,34.68,35.00,0.32,62.91,40.00,0.050,12.81,50.10
1757,34.71,35.00,0.29,61.68,40.00,0.050,11.56,50.12
1758,34.71,35.00,0.29,61.69,40.00,0.050,11.56,50.13
1759,34.70,35.00,0.30,62.33,40.00,0.050,12.19,50.14
1760,34.70,35.00,0.30,62.03,40.00,0.050,11.88,50.16
1761,34.71,35.00,0.29,61.74,40.00,0.050,11.56,50.17
1762,34.70,35.00,0.30,62.06,40.00,0.050,11.88,50.19
1763,34.70,35.00,0.30,62.08,40.00,0.050,11.88,50.20
1764,34.73,35.00,0.27,61.16,40.00,0.050,10.94,50.22
1765,34.74,35.00,0.26,60.54,40.00,0.050,10.31,50.23
1766,34.73,35.00,0.27,61.18,40.00,0.050,10.94,50.24
1767,34.72,35.00,0.28,61.51,40.00,0.050,11.25,50.26
1768,34.69,35.00,0.31,62.77,40.00,0.050,12.50,50.27
1769,34.69,35.00,0.31,62.79,40.00,0.050,12.50,50.29
1770,34.65,35.00,0.35,64.37,40.00,0.050,14.06,50.31
1771,34.71,35.00,0.29,61.88,40.00,0.050,11.56,50.32
1772,34.70,35.00,0.30,62.21,40.00,0.050,11.88,50.34
1773,34.67,35.00,0.33,63.48,40.00,0.050,13.12,50.35
1774,34.70,35.00,0.30,62.56,40.00,0.050,12.19,50.37
1775,34.73,35.00,0.27,61.01,40.00,0.050,10.62,50.38
1776,34.74,35.00,0.26,60.71,40.00,0.050,10.31,50.39
1777,34.77,35.00,0.23,59.78,40.00,0.050,9.38,50.41
1778,34.74,35.00,0.26,60.73,40.00,0.050,10.31,50.42
1779,34.74,35.00,0.26,60.74,40.00,0.050,10.31,50.43
1780,34.76,35.00,0.24,60.13,40.00,0.050,9.69,50.44
1781,34.78,35.00,0.22,59.20,40.00,0.050,8.75,50.45
1782,34.75,35.00,0.25,60.47,40.00,0.050,10.00,50.47
1783,34.79,35.00,0.21,58.92,40.00,0.050,8.44,50.48
1784,34.80,35.00,0.20,58.30,40.00,0.050,7.81,50.49
1785,34.80,35.00,0.20,58.31,40.00,0.050,7.81,50.50
1786,34.82,35.00,0.18,57.69,40.00,0.050,7.19,50.51
1787,34.82,35.00,0.18,57.70,40.00,0.050,7.19,50.52
1788,34.81,35.00,0.19,58.02,40.00,0.050,7.50,50.52
1789,34.81,35.00,0.19,58.03,40.00,0.050,7.50,50.53
1790,34.80,35.00,0.20,58.36,40.00,0.050,7.81,50.54
1791,34.77,35.00,0.23,59.62,40.00,0.050,9.06,50.56
1792,34.78,35.00,0.22,59.32,40.00,0.050,8.75,50.57
1793,34.80,35.00,0.20,58.70,40.00,0.050,8.12,50.58
1794,34.80,35.00,0.20,58.71,40.00,0.050,8.12,50.59
1795,34.80,35.00,0.20,58.72,40.00,0.050,8.12,50.60
1796,34.77,35.00,0.23,59.67,40.00,0.050,9.06,50.61
1797,34.77,35.00,0.23,59.99,40.00,0.050,9.38,50.62
1798,34.76,35.00,0.24,60.32,40.00,0.050,9.69,50.63
1799,34.77,35.00,0.23,60.02,40.00,0.050,9.38,50.64
1800,34.69,35.00,0.31,63.16,40.00,0.050,12.50,50.66
1801,34.73,35.00,0.27,61.61,40.00,0.050,10.94,50.67
1802,34.73,35.00,0.27,61.31,40.00,0.050,10.62,50.69
1803,34.73,35.00,0.27,61.64,40.00,0.050,10.94,50.70
1804,34.73,35.00,0.27,61.65,40.00,0.050,10.94,50.71
1805,34.68,35.00,0.32,63.54,40.00,0.050,12.81,50.73
1806,34.69,35.00,0.31,63.24,40.00,0.050,12.50,50.74
1807,34.66,35.00,0.34,64.51,40.00,0.050,13.75,50.76
1808,34.66,35.00,0.34,64.53,40.00,0.050,13.75,50.78
1809,34.70,35.00,0.30,62.67,40.00,0.050,11.88,50.79
1810,34.67,35.00,0.33,63.94,40.00,0.050,13.12,50.81
1811,34.68,35.00,0.32,63.64,40.00,0.050,12.81,50.83
1812,34.66,35.00,0.34,64.59,40.00,0.050,13.75,50.84
1813,34.65,35.00,0.35,64.92,40.00,0.050,14.06,50.86
1814,34.69,35.00,0.31,63.38,40.00,0.050,12.50,50.88
1815,34.71,35.00,0.29,62.45,40.00,0.050,11.56,50.89
1816,34.71,35.00,0.29,62.47,40.00,0.050,11.56,50.91
1817,34.71,35.00,0.29,62.48,40.00,0.050,11.56,50.92
1818,34.70,35.00,0.30,62.81,40.00,0.050,11.88,50.94
1819,34.70,35.00,0.30,62.83,40.00,0.050,11.88,50.95
1820,34.73,35.00,0.27,61.59,40.00,0.050,10.62,50.96
1821,34.73,35.00,0.27,61.91,40.00,0.050,10.94,50.98
1822,34.73,35.00,0.27,61.93,40.00,0.050,10.94,50.99
1823,34.73,35.00,0.27,61.63,40.00,0.050,10.62,51.00
1824,34.70,35.00,0.30,62.89,40.00,0.050,11.88,51.02
1825,34.70,35.00,0.30,62.91,40.00,0.050,11.88,51.03
1826,34.70,35.00,0.30,62.92,40.00,0.050,11.88,51.05
1827,34.74,35.00,0.26,61.37,40.00,0.050,10.31,51.06
1828,34.71,35.00,0.29,62.64,40.00,0.050,11.56,51.08
1829,34.72,35.00,0.28,62.34,40.00,0.050,11.25,51.09
1830,34.68,35.00,0.32,63.92,40.00,0.050,12.81,51.11
1831,34.72,35.00,0.28,62.37,40.00,0.050,11.25,51.12
1832,34.73,35.00,0.27,62.07,40.00,0.050,10.94,51.13
1833,34.72,35.00,0.28,62.40,40.00,0.050,11.25,51.15
1834,34.72,35.00,0.28,62.41,40.00,0.050,11.25,51.16
1835,34.72,35.00,0.28,62.43,40.00,0.050,11.25,51.18
1836,34.72,35.00,0.28,62.44,40.00,0.050,11.25,51.19
1837,34.69,35.00,0.31,63.71,40.00,0.050,12.50,51.21
1838,34.70,35.00,0.30,63.41,40.00,0.050,12.19,51.22
1839,34.68,35.00,0.32,64.05,40.00,0.050,12.81,51.24
1840,34.67,35.00,0.33,64.38,40.00,0.050,13.12,51.25
1841,34.63,35.00,0.37,65.96,40.00,0.050,14.69,51.27
1842,34.68,35.00,0.32,64.10,40.00,0.050,12.81,51.29
1843,34.69,35.00,0.31,63.80,40.00,0.050,12.50,51.30
1845,34.70,35.00,0.30,63.19,40.00,0.050,11.88,51.32
1846,34.70,35.00,0.30,63.52,40.00,0.050,12.19,51.33
1847,34.71,35.00,0.29,62.91,40.00,0.050,11.56,51.35
1848,34.70,35.00,0.30,63.24,40.00,0.050,11.88,51.36
1849,34.71,35.00,0.29,62.94,40.00,0.050,11.56,51.38
1850,34.70,35.00,0.30,63.27,40.00,0.050,11.88,51.39
1851,34.71,35.00,0.29,62.97,40.00,0.050,11.56,51.41
1852,34.69,35.00,0.31,63.92,40.00,0.050,12.50,51.42
1853,34.66,35.00,0.34,65.19,40.00,0.050,13.75,51.44
1854,34.60,35.00,0.40,67.40,40.00,0.050,15.94,51.46
1855,34.64,35.00,0.36,65.85,40.00,0.050,14.38,51.48
1856,34.65,35.00,0.35,65.56,40.00,0.050,14.06,51.49
1857,34.66,35.00,0.34,65.26,40.00,0.050,13.75,51.51
1858,34.65,35.00,0.35,65.59,40.00,0.050,14.06,51.53
1859,34.65,35.00,0.35,65.61,40.00,0.050,14.06,51.55
1860,34.69,35.00,0.31,64.06,40.00,0.050,12.50,51.56
1861,34.67,35.00,0.33,64.70,40.00,0.050,13.12,51.58
1862,34.66,35.00,0.34,65.03,40.00,0.050,13.44,51.60
1863,34.63,35.00,0.37,66.30,40.00,0.050,14.69,51.61
1864,34.66,35.00,0.34,65.07,40.00,0.050,13.44,51.63
1865,34.65,35.00,0.35,65.71,40.00,0.050,14.06,51.65
1866,34.70,35.00,0.30,63.54,40.00,0.050,11.88,51.66
1867,34.69,35.00,0.31,64.18,40.00,0.050,12.50,51.68
1868,34.61,35.00,0.39,67.32,40.00,0.050,15.62,51.70
1869,34.69,35.00,0.31,64.21,40.00,0.050,12.50,51.71
1870,34.68,35.00,0.32,64.54,40.00,0.050,12.81,51.73
1871,34.66,35.00,0.34,65.18,40.00,0.050,13.44,51.75
1872,34.66,35.00,0.34,65.20,40.00,0.050,13.44,51.76
1873,34.66,35.00,0.34,65.22,40.00,0.050,13.44,51.78
1874,34.66,35.00,0.34,65.55,40.00,0.050,13.75,51.80
1875,34.69,35.00,0.31,64.31,40.00,0.050,12.50,51.81
1876,34.71,35.00,0.29,63.39,40.00,0.050,11.56,51.83
1877,34.71,35.00,0.29,63.40,40.00,0.050,11.56,51.84
1878,34.72,35.00,0.28,63.11,40.00,0.050,11.25,51.86
1879,34.71,35.00,0.29,63.43,40.00,0.050,11.56,51.87
1880,34.71,35.00,0.29,63.45,40.00,0.050,11.56,51.89
1881,34.73,35.00,0.27,62.52,40.00,0.050,10.62,51.90
1882,34.73,35.00,0.27,62.54,40.00,0.050,10.62,51.91
1883,34.72,35.00,0.28,63.18,40.00,0.050,11.25,51.93
1884,34.73,35.00,0.27,62.56,40.00,0.050,10.62,51.94
1885,34.73,35.00,0.27,62.58,40.00,0.050,10.62,51.95
1886,34.72,35.00,0.28,63.22,40.00,0.050,11.25,51.97
1887,34.72,35.00,0.28,63.23,40.00,0.050,11.25,51.98
1888,34.72,35.00,0.28,63.24,40.00,0.050,11.25,51.99
1889,34.66,35.00,0.34,65.45,40.00,0.050,13.44,52.01
1890,34.66,35.00,0.34,65.47,40.00,0.050,13.44,52.03
1891,34.70,35.00,0.30,64.23,40.00,0.050,12.19,52.04
1892,34.70,35.00,0.30,63.93,40.00,0.050,11.88,52.06
1893,34.72,35.00,0.28,63.32,40.00,0.050,11.25,52.07
1894,34.72,35.00,0.28,63.34,40.00,0.050,11.25,52.09
1895,34.72,35.00,0.28,63.35,40.00,0.050,11.25,52.10
1896,34.71,35.00,0.29,63.68,40.00,0.050,11.56,52.11
1897,34.72,35.00,0.28,63.38,40.00,0.050,11.25,52.13
1898,34.70,35.00,0.30,64.02,40.00,0.050,11.88,52.14
1899,34.67,35.00,0.33,65.29,40.00,0.050,13.12,52.16
1900,34.70,35.00,0.30,64.36,40.00,0.050,12.19,52.18
1901,34.70,35.00,0.30,64.38,40.00,0.050,12.19,52.19
1902,34.70,35.00,0.30,64.39,40.00,0.050,12.19,52.21
1903,34.64,35.00,0.36,66.60,40.00,0.050,14.38,52.22
1904,34.55,35.00,0.45,70.06,40.00,0.050,17.81,52.25
1905,34.48,35.00,0.52,73.21,40.00,0.050,20.94,52.27
1906,34.59,35.00,0.41,68.86,40.00,0.050,16.56,52.29
1907,34.59,35.00,0.41,68.88,40.00,0.050,16.56,52.31
1908,34.66,35.00,0.34,65.77,40.00,0.050,13.44,52.33
1909,34.64,35.00,0.36,66.72,40.00,0.050,14.38,52.35
1910,34.64,35.00,0.36,66.74,40.00,0.050,14.38,52.37
1911,34.68,35.00,0.32,65.19,40.00,0.050,12.81,52.38
1912,34.63,35.00,0.37,67.09,40.00,0.050,14.69,52.40
1913,34.55,35.00,0.45,70.55,40.00,0.050,18.12,52.42
1914,34.60,35.00,0.40,68.38,40.00,0.050,15.94,52.44
1915,34.61,35.00,0.39,68.09,40.00,0.050,15.62,52.46
1916,34.67,35.00,0.33,65.60,40.00,0.050,13.12,52.48
1917,34.69,35.00,0.31,64.99,40.00,0.050,12.50,52.49
1918,34.70,35.00,0.30,64.70,40.00,0.050,12.19,52.51
1919,34.70,35.00,0.30,64.40,40.00,0.050,11.88,52.53
1920,34.72,35.00,0.28,63.79,40.00,0.050,11.25,52.54
1921,34.70,35.00,0.30,64.43,40.00,0.050,11.88,52.55
1922,34.68,35.00,0.32,65.38,40.00,0.050,12.81,52.57
1923,34.67,35.00,0.33,65.71,40.00,0.050,13.12,52.59
1924,34.66,35.00,0.34,66.04,40.00,0.050,13.44,52.60
1925,34.69,35.00,0.31,65.12,40.00,0.050,12.50,52.62
1926,34.66,35.00,0.34,66.39,40.00,0.050,13.75,52.64
1927,34.66,35.00,0.34,66.09,40.00,0.050,13.44,52.65
1928,34.66,35.00,0.34,66.11,40.00,0.050,13.44,52.67
1929,34.65,35.00,0.35,66.75,40.00,0.050,14.06,52.69
1930,34.66,35.00,0.34,66.45,40.00,0.050,13.75,52.70
1931,34.66,35.00,0.34,66.16,40.00,0.050,13.44,52.72
1932,34.67,35.00,0.33,65.86,40.00,0.050,13.12,52.74
1933,34.64,35.00,0.36,67.13,40.00,0.050,14.38,52.76
1934,34.65,35.00,0.35,66.84,40.00,0.050,14.06,52.77
1935,34.66,35.00,0.34,66.54,40.00,0.050,13.75,52.79
1936,34.64,35.00,0.36,67.18,40.00,0.050,14.38,52.81
1937,34.57,35.00,0.43,70.02,40.00,0.050,17.19,52.83
1938,34.66,35.00,0.34,66.60,40.00,0.050,13.75,52.85
1939,34.66,35.00,0.34,66.61,40.00,0.050,13.75,52.86
1940,34.54,35.00,0.46,71.32,40.00,0.050,18.44,52.89
1941,34.56,35.00,0.44,70.41,40.00,0.050,17.50,52.91
1942,34.58,35.00,0.42,69.81,40.00,0.050,16.88,52.93
1943,34.61,35.00,0.39,68.57,40.00,0.050,15.62,52.95
1944,34.56,35.00,0.44,70.47,40.00,0.050,17.50,52.97
1945,34.63,35.00,0.37,67.68,40.00,0.050,14.69,52.99
1946,34.55,35.00,0.45,70.82,40.00,0.050,17.81,53.01
1947,34.54,35.00,0.46,71.47,40.00,0.050,18.44,53.04
1948,34.50,35.00,0.50,73.06,40.00,0.050,20.00,53.06
1949,34.59,35.00,0.41,69.64,40.00,0.050,16.56,53.08
1950,34.52,35.00,0.48,72.17,40.00,0.050,19.06,53.10
1951,34.55,35.00,0.45,70.94,40.00,0.050,17.81,53.13
1952,34.62,35.00,0.38,68.46,40.00,0.050,15.31,53.15
1953,34.52,35.00,0.48,72.23,40.00,0.050,19.06,53.17
1954,34.53,35.00,0.47,71.94,40.00,0.050,18.75,53.19
1955,34.53,35.00,0.47,71.97,40.00,0.050,18.75,53.22
1956,34.59,35.00,0.41,69.49,40.00,0.050,16.25,53.24
1957,34.63,35.00,0.37,67.94,40.00,0.050,14.69,53.26
1958,34.66,35.00,0.34,67.02,40.00,0.050,13.75,53.27
1959,34.69,35.00,0.31,65.79,40.00,0.050,12.50,53.29
1960,34.70,35.00,0.30,65.49,40.00,0.050,12.19,53.30
1961,34.70,35.00,0.30,65.19,40.00,0.050,11.88,53.32
1962,34.66,35.00,0.34,67.09,40.00,0.050,13.75,53.34
1963,34.68,35.00,0.32,66.16,40.00,0.050,12.81,53.35
1964,34.68,35.00,0.32,66.18,40.00,0.050,12.81,53.37
1965,34.67,35.00,0.33,66.51,40.00,0.050,13.12,53.38
1966,34.70,35.00,0.30,65.59,40.00,0.050,12.19,53.40
1967,34.69,35.00,0.31,65.91,40.00,0.050,12.50,53.41
1968,34.67,35.00,0.33,66.56,40.00,0.050,13.12,53.43
1969,34.67,35.00,0.33,66.57,40.00,0.050,13.12,53.45
1970,34.70,35.00,0.30,65.34,40.00,0.050,11.88,53.46
1971,34.69,35.00,0.31,65.98,40.00,0.050,12.50,53.48
1972,34.68,35.00,0.32,66.31,40.00,0.050,12.81,53.49
1973,34.71,35.00,0.29,65.07,40.00,0.050,11.56,53.51
1974,34.70,35.00,0.30,65.71,40.00,0.050,12.19,53.52
1975,34.69,35.00,0.31,66.04,40.00,0.050,12.50,53.54
1976,34.64,35.00,0.36,67.93,40.00,0.050,14.38,53.56
1977,34.62,35.00,0.38,68.89,40.00,0.050,15.31,53.58
1978,34.66,35.00,0.34,67.34,40.00,0.050,13.75,53.59
1979,34.65,35.00,0.35,67.67,40.00,0.050,14.06,53.61
1980,34.68,35.00,0.32,66.44,40.00,0.050,12.81,53.63
1981,34.72,35.00,0.28,64.89,40.00,0.050,11.25,53.64
1982,34.69,35.00,0.31,66.16,40.00,0.050,12.50,53.66
1983,34.71,35.00,0.29,65.23,40.00,0.050,11.56,53.67
1984,34.70,35.00,0.30,65.56,40.00,0.050,11.88,53.69
1985,34.71,35.00,0.29,65.26,40.00,0.050,11.56,53.70
1986,34.73,35.00,0.27,64.65,40.00,0.050,10.94,53.71
1987,34.75,35.00,0.25,63.73,40.00,0.050,10.00,53.73
1988,34.76,35.00,0.24,63.43,40.00,0.050,9.69,53.74
1989,34.77,35.00,0.23,62.81,40.00,0.050,9.06,53.75
1990,34.78,35.00,0.22,62.51,40.00,0.050,8.75,53.76
1991,34.77,35.00,0.23,63.15,40.00,0.050,9.38,53.77
1992,34.82,35.00,0.18,60.97,40.00,0.050,7.19,53.78
1993,34.84,35.00,0.16,60.35,40.00,0.050,6.56,53.79
1994,34.84,35.00,0.16,60.05,40.00,0.050,6.25,53.80
1995,34.85,35.00,0.15,59.74,40.00,0.050,5.94,53.81
1996,34.85,35.00,0.15,59.75,40.00,0.050,5.94,53.81
1997,34.86,35.00,0.14,59.44,40.00,0.050,5.62,53.82
1998,34.86,35.00,0.14,59.45,40.00,0.050,5.62,53.83
1999,34.88,35.00,0.12,58.52,40.00,0.050,4.69,53.83
2000,34.87,35.00,0.13,59.15,40.00,0.050,5.31,53.84
2001,34.82,35.00,0.18,61.04,40.00,0.050,7.19,53.85
2002,34.83,35.00,0.17,60.73,40.00,0.050,6.88,53.86
2003,34.80,35.00,0.20,61.99,40.00,0.050,8.12,53.87
2004,34.80,35.00,0.20,61.69,40.00,0.050,7.81,53.88
2005,34.80,35.00,0.20,61.70,40.00,0.050,7.81,53.89
2006,34.80,35.00,0.20,62.02,40.00,0.050,8.12,53.90
2007,34.77,35.00,0.23,62.97,40.00,0.050,9.06,53.91
2008,34.81,35.00,0.19,61.42,40.00,0.050,7.50,53.92
2009,34.78,35.00,0.22,62.68,40.00,0.050,8.75,53.93
2010,34.82,35.00,0.18,61.12,40.00,0.050,7.19,53.94
2012,34.78,35.00,0.22,62.70,40.00,0.050,8.75,53.95
2013,34.79,35.00,0.21,62.40,40.00,0.050,8.44,53.96
2014,34.77,35.00,0.23,63.03,40.00,0.050,9.06,53.97
2015,34.77,35.00,0.23,63.04,40.00,0.050,9.06,53.98
2016,34.79,35.00,0.21,62.43,40.00,0.050,8.44,53.99
2017,34.80,35.00,0.20,61.81,40.00,0.050,7.81,54.00
2018,34.81,35.00,0.19,61.51,40.00,0.050,7.50,54.01
2019,34.85,35.00,0.15,59.96,40.00,0.050,5.94,54.02
2020,34.85,35.00,0.15,59.96,40.00,0.050,5.94,54.03
2021,34.85,35.00,0.15,59.97,40.00,0.050,5.94,54.03
2022,34.87,35.00,0.13,59.35,40.00,0.050,5.31,54.04
2023,34.86,35.00,0.14,59.67,40.00,0.050,5.62,54.05
2024,34.87,35.00,0.13,59.37,40.00,0.050,5.31,54.05
2025,34.88,35.00,0.12,59.06,40.00,0.050,5.00,54.06
2026,34.84,35.00,0.16,60.32,40.00,0.050,6.25,54.07
2027,34.87,35.00,0.13,59.39,40.00,0.050,5.31,54.07
2028,34.86,35.00,0.14,59.71,40.00,0.050,5.62,54.08
2029,34.84,35.00,0.16,60.34,40.00,0.050,6.25,54.09
2030,34.83,35.00,0.17,60.97,40.00,0.050,6.88,54.10
2031,34.84,35.00,0.16,60.67,40.00,0.050,6.56,54.11
2032,34.80,35.00,0.20,61.93,40.00,0.050,7.81,54.12
2033,34.84,35.00,0.16,60.69,40.00,0.050,6.56,54.12
2034,34.85,35.00,0.15,60.07,40.00,0.050,5.94,54.13
2035,34.83,35.00,0.17,61.02,40.00,0.050,6.88,54.14
2036,34.84,35.00,0.16,60.40,40.00,0.050,6.25,54.15
2037,34.84,35.00,0.16,60.72,40.00,0.050,6.56,54.16
2038,34.80,35.00,0.20,61.98,40.00,0.050,7.81,54.17
2039,34.77,35.00,0.23,63.55,40.00,0.050,9.38,54.18
2040,34.83,35.00,0.17,61.06,40.00,0.050,6.88,54.19
2041,34.81,35.00,0.19,61.70,40.00,0.050,7.50,54.20
2042,34.81,35.00,0.19,61.71,40.00,0.050,7.50,54.21
2043,34.80,35.00,0.20,62.03,40.00,0.050,7.81,54.21
2044,34.81,35.00,0.19,61.72,40.00,0.050,7.50,54.22
2045,34.80,35.00,0.20,62.05,40.00,0.050,7.81,54.23
2046,34.81,35.00,0.19,61.74,40.00,0.050,7.50,54.24
2047,34.80,35.00,0.20,62.38,40.00,0.050,8.12,54.25
2048,34.79,35.00,0.21,62.70,40.00,0.050,8.44,54.26
2049,34.77,35.00,0.23,63.65,40.00,0.050,9.38,54.28
2050,34.77,35.00,0.23,63.66,40.00,0.050,9.38,54.29
2051,34.79,35.00,0.21,62.74,40.00,0.050,8.44,54.30
2052,34.78,35.00,0.22,63.06,40.00,0.050,8.75,54.31
2053,34.79,35.00,0.21,62.76,40.00,0.050,8.44,54.32
2054,34.77,35.00,0.23,63.71,40.00,0.050,9.38,54.33
2055,34.73,35.00,0.27,64.97,40.00,0.050,10.62,54.34
2056,34.71,35.00,0.29,65.92,40.00,0.050,11.56,54.36
2057,34.68,35.00,0.32,67.19,40.00,0.050,12.81,54.38
2058,34.72,35.00,0.28,65.64,40.00,0.050,11.25,54.39
2059,34.77,35.00,0.23,63.78,40.00,0.050,9.38,54.40
2060,34.64,35.00,0.36,68.79,40.00,0.050,14.38,54.42
2061,34.65,35.00,0.35,68.50,40.00,0.050,14.06,54.44
2062,34.58,35.00,0.42,71.33,40.00,0.050,16.88,54.46
2063,34.70,35.00,0.30,66.66,40.00,0.050,12.19,54.47
2064,34.73,35.00,0.27,65.11,40.00,0.050,10.62,54.49
2065,34.71,35.00,0.29,66.06,40.00,0.050,11.56,54.50
2066,34.73,35.00,0.27,65.45,40.00,0.050,10.94,54.51
2067,34.71,35.00,0.29,66.09,40.00,0.050,11.56,54.53
2068,34.63,35.00,0.37,69.23,40.00,0.050,14.69,54.55
2069,34.66,35.00,0.34,68.31,40.00,0.050,13.75,54.56
2070,34.70,35.00,0.30,66.77,40.00,0.050,12.19,54.58
2071,34.69,35.00,0.31,67.09,40.00,0.050,12.50,54.59
2072,34.71,35.00,0.29,66.17,40.00,0.050,11.56,54.61
2073,34.76,35.00,0.24,64.31,40.00,0.050,9.69,54.62
2074,34.77,35.00,0.23,64.01,40.00,0.050,9.38,54.63
2075,34.77,35.00,0.23,63.71,40.00,0.050,9.06,54.64
2076,34.78,35.00,0.22,63.41,40.00,0.050,8.75,54.66
2077,34.79,35.00,0.21,63.10,40.00,0.050,8.44,54.67
2078,34.73,35.00,0.27,65.62,40.00,0.050,10.94,54.68
2079,34.73,35.00,0.27,65.32,40.00,0.050,10.62,54.69
2080,34.73,35.00,0.27,65.64,40.00,0.050,10.94,54.71
2081,34.74,35.00,0.26,65.03,40.00,0.050,10.31,54.72
2082,34.77,35.00,0.23,63.79,40.00,0.050,9.06,54.73
2083,34.77,35.00,0.23,64.12,40.00,0.050,9.38,54.74
2084,34.77,35.00,0.23,64.13,40.00,0.050,9.38,54.75
2085,34.71,35.00,0.29,66.33,40.00,0.050,11.56,54.77
2086,34.67,35.00,0.33,67.91,40.00,0.050,13.12,54.79
2087,34.72,35.00,0.28,66.05,40.00,0.050,11.25,54.80
2088,34.73,35.00,0.27,65.44,40.00,0.050,10.62,54.81
2089,34.72,35.00,0.28,66.08,40.00,0.050,11.25,54.83
2090,34.73,35.00,0.27,65.78,40.00,0.050,10.94,54.84
2091,34.65,35.00,0.35,68.92,40.00,0.050,14.06,54.86
2092,34.72,35.00,0.28,66.12,40.00,0.050,11.25,54.87
2093,34.63,35.00,0.37,69.58,40.00,0.050,14.69,54.89
2094,34.68,35.00,0.32,67.72,40.00,0.050,12.81,54.91
2095,34.74,35.00,0.26,65.23,40.00,0.050,10.31,54.92
2096,34.73,35.00,0.27,65.87,40.00,0.050,10.94,54.93
2097,34.73,35.00,0.27,65.88,40.00,0.050,10.94,54.95
2098,34.73,35.00,0.27,65.58,40.00,0.050,10.62,54.96
2099,34.77,35.00,0.23,64.35,40.00,0.050,9.38,54.97
2100,34.78,35.00,0.22,63.73,40.00,0.050,8.75,54.98
2101,34.82,35.00,0.18,62.18,40.00,0.050,7.19,54.99
2102,34.83,35.00,0.17,61.88,40.00,0.050,6.88,55.00
2103,34.84,35.00,0.16,61.26,40.00,0.050,6.25,55.01
2104,34.84,35.00,0.16,61.27,40.00,0.050,6.25,55.02
2105,34.86,35.00,0.14,60.65,40.00,0.050,5.62,55.02
2106,34.84,35.00,0.16,61.28,40.00,0.050,6.25,55.03
2107,34.84,35.00,0.16,61.60,40.00,0.050,6.56,55.04
2108,34.79,35.00,0.21,63.49,40.00,0.050,8.44,55.05
2109,34.78,35.00,0.22,63.81,40.00,0.050,8.75,55.06
2110,34.66,35.00,0.34,68.51,40.00,0.050,13.44,55.08
2111,34.74,35.00,0.26,65.40,40.00,0.050,10.31,55.09
2112,34.78,35.00,0.22,63.85,40.00,0.050,8.75,55.10
2113,34.73,35.00,0.27,65.74,40.00,0.050,10.62,55.11
2114,34.71,35.00,0.29,66.69,40.00,0.050,11.56,55.13
2115,34.63,35.00,0.37,69.83,40.00,0.050,14.69,55.15
2116,34.67,35.00,0.33,68.29,40.00,0.050,13.12,55.16
2117,34.74,35.00,0.26,65.49,40.00,0.050,10.31,55.18
2118,34.72,35.00,0.28,66.44,40.00,0.050,11.25,55.19
2119,34.69,35.00,0.31,67.71,40.00,0.050,12.50,55.21
2120,34.62,35.00,0.38,70.22,40.00,0.050,15.00,55.22
2121,34.39,35.00,0.61,79.63,40.00,0.050,24.38,55.26
2122,34.43,35.00,0.57,78.10,40.00,0.050,22.81,55.28
2123,34.57,35.00,0.43,72.49,40.00,0.050,17.19,55.31
2124,34.66,35.00,0.34,69.07,40.00,0.050,13.75,55.32
2125,34.71,35.00,0.29,66.90,40.00,0.050,11.56,55.34
2126,34.69,35.00,0.31,67.85,40.00,0.050,12.50,55.35
2127,34.70,35.00,0.30,67.56,40.00,0.050,12.19,55.37
2128,34.73,35.00,0.27,66.01,40.00,0.050,10.62,55.38
2129,34.74,35.00,0.26,65.71,40.00,0.050,10.31,55.39
2130,34.77,35.00,0.23,64.78,40.00,0.050,9.38,55.41
2131,34.80,35.00,0.20,63.54,40.00,0.050,8.12,55.42
2132,34.75,35.00,0.25,65.43,40.00,0.050,10.00,55.43
2133,34.77,35.00,0.23,64.50,40.00,0.050,9.06,55.44
2134,34.81,35.00,0.19,62.95,40.00,0.050,7.50,55.45
2135,34.86,35.00,0.14,61.08,40.00,0.050,5.62,55.46
2136,34.88,35.00,0.12,60.46,40.00,0.050,5.00,55.46
2137,34.88,35.00,0.12,60.16,40.00,0.050,4.69,55.47
2138,34.89,35.00,0.11,59.85,40.00,0.050,4.38,55.47
2139,34.89,35.00,0.11,59.85,40.00,0.050,4.38,55.48
2140,34.90,35.00,0.10,59.55,40.00,0.050,4.06,55.48
2141,34.88,35.00,0.12,60.18,40.00,0.050,4.69,55.49
2142,34.88,35.00,0.12,60.18,40.00,0.050,4.69,55.50
2143,34.88,35.00,0.12,60.19,40.00,0.050,4.69,55.50
2144,34.86,35.00,0.14,61.13,40.00,0.050,5.62,55.51
2145,34.86,35.00,0.14,61.14,40.00,0.050,5.62,55.52
2146,34.82,35.00,0.18,62.71,40.00,0.050,7.19,55.52
2147,34.84,35.00,0.16,61.78,40.00,0.050,6.25,55.53
2148,34.84,35.00,0.16,62.10,40.00,0.050,6.56,55.54
2149,34.84,35.00,0.16,62.11,40.00,0.050,6.56,55.55
2150,34.84,35.00,0.16,61.81,40.00,0.050,6.25,55.56
2151,34.84,35.00,0.16,62.13,40.00,0.050,6.56,55.56
2152,34.84,35.00,0.16,62.14,40.00,0.050,6.56,55.57
2153,34.83,35.00,0.17,62.46,40.00,0.050,6.88,55.58
2154,34.78,35.00,0.22,64.34,40.00,0.050,8.75,55.59
2155,34.76,35.00,0.24,65.29,40.00,0.050,9.69,55.60
2156,34.78,35.00,0.22,64.37,40.00,0.050,8.75,55.62
2157,34.77,35.00,0.23,64.69,40.00,0.050,9.06,55.63
2158,34.74,35.00,0.26,65.95,40.00,0.050,10.31,55.64
2159,34.74,35.00,0.26,65.97,40.00,0.050,10.31,55.65
2160,34.73,35.00,0.27,66.29,40.00,0.050,10.62,55.67
2161,34.73,35.00,0.27,66.62,40.00,0.050,10.94,55.68
2162,34.73,35.00,0.27,66.63,40.00,0.050,10.94,55.69
2163,34.74,35.00,0.26,66.02,40.00,0.050,10.31,55.71
2164,34.73,35.00,0.27,66.66,40.00,0.050,10.94,55.72
2165,34.71,35.00,0.29,67.30,40.00,0.050,11.56,55.73
2166,34.66,35.00,0.34,69.50,40.00,0.050,13.75,55.75
2167,34.68,35.00,0.32,68.58,40.00,0.050,12.81,55.77
2168,34.69,35.00,0.31,68.28,40.00,0.050,12.50,55.78
2169,34.66,35.00,0.34,69.24,40.00,0.050,13.44,55.80
2170,34.67,35.00,0.33,68.94,40.00,0.050,13.12,55.82
2171,34.66,35.00,0.34,69.27,40.00,0.050,13.44,55.83
2172,34.65,35.00,0.35,69.91,40.00,0.050,14.06,55.85
2173,34.66,35.00,0.34,69.62,40.00,0.050,13.75,55.87
2174,34.63,35.00,0.37,70.57,40.00,0.050,14.69,55.89
2175,34.63,35.00,0.37,70.59,40.00,0.050,14.69,55.90
2176,34.65,35.00,0.35,69.98,40.00,0.050,14.06,55.92
2177,34.65,35.00,0.35,70.00,40.00,0.050,14.06,55.94
2178,34.61,35.00,0.39,71.58,40.00,0.050,15.62,55.96
2180,34.62,35.00,0.38,70.98,40.00,0.050,15.00,55.98
2181,34.63,35.00,0.37,70.68,40.00,0.050,14.69,56.00
2182,34.63,35.00,0.37,70.70,40.00,0.050,14.69,56.01
2183,34.65,35.00,0.35,70.09,40.00,0.050,14.06,56.03
2184,34.66,35.00,0.34,69.80,40.00,0.050,13.75,56.05
2185,34.66,35.00,0.34,69.82,40.00,0.050,13.75,56.07
2186,34.65,35.00,0.35,70.15,40.00,0.050,14.06,56.08
2187,34.62,35.00,0.38,71.10,40.00,0.050,15.00,56.10
2188,34.63,35.00,0.37,70.81,40.00,0.050,14.69,56.12
2189,34.64,35.00,0.36,70.51,40.00,0.050,14.38,56.14
2190,34.60,35.00,0.40,72.10,40.00,0.050,15.94,56.16
2191,34.59,35.00,0.41,72.43,40.00,0.050,16.25,56.18
2192,34.56,35.00,0.44,73.70,40.00,0.050,17.50,56.20
2193,34.53,35.00,0.47,74.98,40.00,0.050,18.75,56.23
2194,34.57,35.00,0.43,73.43,40.00,0.050,17.19,56.25
2195,34.52,35.00,0.48,75.33,40.00,0.050,19.06,56.27
2196,34.56,35.00,0.44,73.79,40.00,0.050,17.50,56.29
2197,34.55,35.00,0.45,74.13,40.00,0.050,17.81,56.31
2198,34.56,35.00,0.44,73.84,40.00,0.050,17.50,56.34
2199,34.57,35.00,0.43,73.55,40.00,0.050,17.19,56.36
2200,34.51,35.00,0.49,76.07,40.00,0.050,19.69,56.38
2201,34.29,35.00,0.71,84.86,40.00,0.050,28.44,56.42
2202,34.46,35.00,0.54,78.01,40.00,0.050,21.56,56.44
2203,34.49,35.00,0.51,76.78,40.00,0.050,20.31,56.47
2204,34.49,35.00,0.51,76.81,40.00,0.050,20.31,56.50
2205,34.45,35.00,0.55,78.71,40.00,0.050,22.19,56.52
2206,34.41,35.00,0.59,79.99,40.00,0.050,23.44,56.55
2207,34.38,35.00,0.62,81.58,40.00,0.050,25.00,56.58
2208,34.38,35.00,0.62,81.62,40.00,0.050,25.00,56.62
2209,34.42,35.00,0.58,79.77,40.00,0.050,23.12,56.64
2210,34.43,35.00,0.57,79.49,40.00,0.050,22.81,56.67
2211,34.45,35.00,0.55,78.89,40.00,0.050,22.19,56.70
2212,34.41,35.00,0.59,80.17,40.00,0.050,23.44,56.73
2213,34.38,35.00,0.62,81.45,40.00,0.050,24.69,56.76
2214,34.43,35.00,0.57,79.60,40.00,0.050,22.81,56.79
2215,34.48,35.00,0.52,77.75,40.00,0.050,20.94,56.82
2216,34.46,35.00,0.54,78.40,40.00,0.050,21.56,56.84
2217,34.47,35.00,0.53,78.12,40.00,0.050,21.25,56.87
2218,34.48,35.00,0.52,77.83,40.00,0.050,20.94,56.89
2219,34.46,35.00,0.54,78.48,40.00,0.050,21.56,56.92
2220,34.48,35.00,0.52,77.89,40.00,0.050,20.94,56.95
2221,34.50,35.00,0.50,76.97,40.00,0.050,20.00,56.97
2222,34.47,35.00,0.53,78.25,40.00,0.050,21.25,57.00
2223,34.47,35.00,0.53,78.28,40.00,0.050,21.25,57.03
2224,34.48,35.00,0.52,77.99,40.00,0.050,20.94,57.05
2225,34.45,35.00,0.55,78.95,40.00,0.050,21.88,57.08
2226,34.49,35.00,0.51,77.42,40.00,0.050,20.31,57.11
2227,34.49,35.00,0.51,77.44,40.00,0.050,20.31,57.13
2228,34.49,35.00,0.51,77.47,40.00,0.050,20.31,57.16
2229,34.47,35.00,0.53,78.43,40.00,0.050,21.25,57.18
2230,34.48,35.00,0.52,77.83,40.00,0.050,20.62,57.21
2231,34.48,35.00,0.52,77.86,40.00,0.050,20.62,57.23
2232,34.48,35.00,0.52,77.88,40.00,0.050,20.62,57.26
2233,34.45,35.00,0.55,79.48,40.00,0.050,22.19,57.29
2234,34.47,35.00,0.53,78.56,40.00,0.050,21.25,57.31
2235,34.46,35.00,0.54,78.90,40.00,0.050,21.56,57.34
2236,34.46,35.00,0.54,78.93,40.00,0.050,21.56,57.37
2237,34.41,35.00,0.59,80.83,40.00,0.050,23.44,57.40
2238,34.42,35.00,0.58,80.55,40.00,0.050,23.12,57.43
2239,34.44,35.00,0.56,79.95,40.00,0.050,22.50,57.45
2240,34.41,35.00,0.59,80.92,40.00,0.050,23.44,57.48
2241,34.37,35.00,0.63,82.83,40.00,0.050,25.31,57.52
2242,34.38,35.00,0.62,82.55,40.00,0.050,25.00,57.55
2243,34.23,35.00,0.77,88.52,40.00,0.050,30.94,57.59
2244,34.34,35.00,0.66,83.87,40.00,0.050,26.25,57.62
2245,34.12,35.00,0.88,92.97,40.00,0.050,35.31,57.66
2246,34.23,35.00,0.77,88.33,40.00,0.050,30.62,57.70
2247,34.23,35.00,0.77,88.36,40.00,0.050,30.62,57.74
2248,34.12,35.00,0.88,92.78,40.00,0.050,35.00,57.78
2249,34.20,35.00,0.80,89.70,40.00,0.050,31.88,57.82
2250,34.22,35.00,0.78,89.11,40.00,0.050,31.25,57.86
2251,34.30,35.00,0.70,86.02,40.00,0.050,28.12,57.90
2252,34.32,35.00,0.68,85.12,40.00,0.050,27.19,57.93